"Meddržavne selitve po državljanstvu, državah prejšnjega, prihodnjega prebivališèa in spolu, Slovenija, letno"

"LETO";"DRŽAVA PREJŠNJEGA OZ. PRIHODNJEGA PREBIVALIŠÈA";"SELITVE";"SPOL";Meddržavne selitve
"2011";"  EVROPA";"Odseljeni v tujino";"Državljani Republike Slovenije - SKUPAJ";4111
"2011";"  EVROPA";"Odseljeni v tujino";"Državljani Republike Slovenije - moški";2202
"2011";"  EVROPA";"Odseljeni v tujino";"Državljani Republike Slovenije - ženske";1909
"2011";"    Avstrija";"Odseljeni v tujino";"Državljani Republike Slovenije - SKUPAJ";630
"2011";"    Avstrija";"Odseljeni v tujino";"Državljani Republike Slovenije - moški";333
"2011";"    Avstrija";"Odseljeni v tujino";"Državljani Republike Slovenije - ženske";297
"2011";"    Bosna in Hercegovina";"Odseljeni v tujino";"Državljani Republike Slovenije - SKUPAJ";213
"2011";"    Bosna in Hercegovina";"Odseljeni v tujino";"Državljani Republike Slovenije - moški";146
"2011";"    Bosna in Hercegovina";"Odseljeni v tujino";"Državljani Republike Slovenije - ženske";67
"2011";"    Èrna gora";"Odseljeni v tujino";"Državljani Republike Slovenije - SKUPAJ";28
"2011";"    Èrna gora";"Odseljeni v tujino";"Državljani Republike Slovenije - moški";15
"2011";"    Èrna gora";"Odseljeni v tujino";"Državljani Republike Slovenije - ženske";13
"2011";"    Francija";"Odseljeni v tujino";"Državljani Republike Slovenije - SKUPAJ";74
"2011";"    Francija";"Odseljeni v tujino";"Državljani Republike Slovenije - moški";39
"2011";"    Francija";"Odseljeni v tujino";"Državljani Republike Slovenije - ženske";35
"2011";"    Hrvaška";"Odseljeni v tujino";"Državljani Republike Slovenije - SKUPAJ";497
"2011";"    Hrvaška";"Odseljeni v tujino";"Državljani Republike Slovenije - moški";281
"2011";"    Hrvaška";"Odseljeni v tujino";"Državljani Republike Slovenije - ženske";216
"2011";"    Italija";"Odseljeni v tujino";"Državljani Republike Slovenije - SKUPAJ";281
"2011";"    Italija";"Odseljeni v tujino";"Državljani Republike Slovenije - moški";135
"2011";"    Italija";"Odseljeni v tujino";"Državljani Republike Slovenije - ženske";146
"2011";"    Kosovo";"Odseljeni v tujino";"Državljani Republike Slovenije - SKUPAJ";32
"2011";"    Kosovo";"Odseljeni v tujino";"Državljani Republike Slovenije - moški";22
"2011";"    Kosovo";"Odseljeni v tujino";"Državljani Republike Slovenije - ženske";10
"2011";"    Nemèija";"Odseljeni v tujino";"Državljani Republike Slovenije - SKUPAJ";1061
"2011";"    Nemèija";"Odseljeni v tujino";"Državljani Republike Slovenije - moški";542
"2011";"    Nemèija";"Odseljeni v tujino";"Državljani Republike Slovenije - ženske";519
"2011";"    Severna Makedonija";"Odseljeni v tujino";"Državljani Republike Slovenije - SKUPAJ";69
"2011";"    Severna Makedonija";"Odseljeni v tujino";"Državljani Republike Slovenije - moški";43
"2011";"    Severna Makedonija";"Odseljeni v tujino";"Državljani Republike Slovenije - ženske";26
"2011";"    Srbija";"Odseljeni v tujino";"Državljani Republike Slovenije - SKUPAJ";219
"2011";"    Srbija";"Odseljeni v tujino";"Državljani Republike Slovenije - moški";132
"2011";"    Srbija";"Odseljeni v tujino";"Državljani Republike Slovenije - ženske";87
"2011";"    Švedska";"Odseljeni v tujino";"Državljani Republike Slovenije - SKUPAJ";66
"2011";"    Švedska";"Odseljeni v tujino";"Državljani Republike Slovenije - moški";29
"2011";"    Švedska";"Odseljeni v tujino";"Državljani Republike Slovenije - ženske";37
"2011";"    Švica";"Odseljeni v tujino";"Državljani Republike Slovenije - SKUPAJ";231
"2011";"    Švica";"Odseljeni v tujino";"Državljani Republike Slovenije - moški";115
"2011";"    Švica";"Odseljeni v tujino";"Državljani Republike Slovenije - ženske";116
"2011";"    Druge države Evrope";"Odseljeni v tujino";"Državljani Republike Slovenije - SKUPAJ";710
"2011";"    Druge države Evrope";"Odseljeni v tujino";"Državljani Republike Slovenije - moški";370
"2011";"    Druge države Evrope";"Odseljeni v tujino";"Državljani Republike Slovenije - ženske";340
"2011";"  AFRIKA";"Odseljeni v tujino";"Državljani Republike Slovenije - SKUPAJ";31
"2011";"  AFRIKA";"Odseljeni v tujino";"Državljani Republike Slovenije - moški";17
"2011";"  AFRIKA";"Odseljeni v tujino";"Državljani Republike Slovenije - ženske";14
"2011";"  AZIJA";"Odseljeni v tujino";"Državljani Republike Slovenije - SKUPAJ";81
"2011";"  AZIJA";"Odseljeni v tujino";"Državljani Republike Slovenije - moški";47
"2011";"  AZIJA";"Odseljeni v tujino";"Državljani Republike Slovenije - ženske";34
"2011";"  JUŽNA AMERIKA";"Odseljeni v tujino";"Državljani Republike Slovenije - SKUPAJ";27
"2011";"  JUŽNA AMERIKA";"Odseljeni v tujino";"Državljani Republike Slovenije - moški";17
"2011";"  JUŽNA AMERIKA";"Odseljeni v tujino";"Državljani Republike Slovenije - ženske";10
"2011";"  SEVERNA IN SREDNJA AMERIKA";"Odseljeni v tujino";"Državljani Republike Slovenije - SKUPAJ";259
"2011";"  SEVERNA IN SREDNJA AMERIKA";"Odseljeni v tujino";"Državljani Republike Slovenije - moški";147
"2011";"  SEVERNA IN SREDNJA AMERIKA";"Odseljeni v tujino";"Državljani Republike Slovenije - ženske";112
"2011";"    Kanada";"Odseljeni v tujino";"Državljani Republike Slovenije - SKUPAJ";81
"2011";"    Kanada";"Odseljeni v tujino";"Državljani Republike Slovenije - moški";48
"2011";"    Kanada";"Odseljeni v tujino";"Državljani Republike Slovenije - ženske";33
"2011";"    Združene države";"Odseljeni v tujino";"Državljani Republike Slovenije - SKUPAJ";164
"2011";"    Združene države";"Odseljeni v tujino";"Državljani Republike Slovenije - moški";93
"2011";"    Združene države";"Odseljeni v tujino";"Državljani Republike Slovenije - ženske";71
"2011";"    Druge države Severne in Srednje Amerike";"Odseljeni v tujino";"Državljani Republike Slovenije - SKUPAJ";14
"2011";"    Druge države Severne in Srednje Amerike";"Odseljeni v tujino";"Državljani Republike Slovenije - moški";6
"2011";"    Druge države Severne in Srednje Amerike";"Odseljeni v tujino";"Državljani Republike Slovenije - ženske";8
"2011";"  AVSTRALIJA IN OCEANIJA";"Odseljeni v tujino";"Državljani Republike Slovenije - SKUPAJ";170
"2011";"  AVSTRALIJA IN OCEANIJA";"Odseljeni v tujino";"Državljani Republike Slovenije - moški";80
"2011";"  AVSTRALIJA IN OCEANIJA";"Odseljeni v tujino";"Državljani Republike Slovenije - ženske";90
"2011";"  Neznano";"Odseljeni v tujino";"Državljani Republike Slovenije - SKUPAJ";0
"2011";"  Neznano";"Odseljeni v tujino";"Državljani Republike Slovenije - moški";0
"2011";"  Neznano";"Odseljeni v tujino";"Državljani Republike Slovenije - ženske";0
"2012";"  EVROPA";"Odseljeni v tujino";"Državljani Republike Slovenije - SKUPAJ";7287
"2012";"  EVROPA";"Odseljeni v tujino";"Državljani Republike Slovenije - moški";3748
"2012";"  EVROPA";"Odseljeni v tujino";"Državljani Republike Slovenije - ženske";3539
"2012";"    Avstrija";"Odseljeni v tujino";"Državljani Republike Slovenije - SKUPAJ";1230
"2012";"    Avstrija";"Odseljeni v tujino";"Državljani Republike Slovenije - moški";648
"2012";"    Avstrija";"Odseljeni v tujino";"Državljani Republike Slovenije - ženske";582
"2012";"    Bosna in Hercegovina";"Odseljeni v tujino";"Državljani Republike Slovenije - SKUPAJ";349
"2012";"    Bosna in Hercegovina";"Odseljeni v tujino";"Državljani Republike Slovenije - moški";210
"2012";"    Bosna in Hercegovina";"Odseljeni v tujino";"Državljani Republike Slovenije - ženske";139
"2012";"    Èrna gora";"Odseljeni v tujino";"Državljani Republike Slovenije - SKUPAJ";56
"2012";"    Èrna gora";"Odseljeni v tujino";"Državljani Republike Slovenije - moški";25
"2012";"    Èrna gora";"Odseljeni v tujino";"Državljani Republike Slovenije - ženske";31
"2012";"    Francija";"Odseljeni v tujino";"Državljani Republike Slovenije - SKUPAJ";141
"2012";"    Francija";"Odseljeni v tujino";"Državljani Republike Slovenije - moški";71
"2012";"    Francija";"Odseljeni v tujino";"Državljani Republike Slovenije - ženske";70
"2012";"    Hrvaška";"Odseljeni v tujino";"Državljani Republike Slovenije - SKUPAJ";645
"2012";"    Hrvaška";"Odseljeni v tujino";"Državljani Republike Slovenije - moški";322
"2012";"    Hrvaška";"Odseljeni v tujino";"Državljani Republike Slovenije - ženske";323
"2012";"    Italija";"Odseljeni v tujino";"Državljani Republike Slovenije - SKUPAJ";369
"2012";"    Italija";"Odseljeni v tujino";"Državljani Republike Slovenije - moški";167
"2012";"    Italija";"Odseljeni v tujino";"Državljani Republike Slovenije - ženske";202
"2012";"    Kosovo";"Odseljeni v tujino";"Državljani Republike Slovenije - SKUPAJ";77
"2012";"    Kosovo";"Odseljeni v tujino";"Državljani Republike Slovenije - moški";47
"2012";"    Kosovo";"Odseljeni v tujino";"Državljani Republike Slovenije - ženske";30
"2012";"    Nemèija";"Odseljeni v tujino";"Državljani Republike Slovenije - SKUPAJ";2272
"2012";"    Nemèija";"Odseljeni v tujino";"Državljani Republike Slovenije - moški";1118
"2012";"    Nemèija";"Odseljeni v tujino";"Državljani Republike Slovenije - ženske";1154
"2012";"    Severna Makedonija";"Odseljeni v tujino";"Državljani Republike Slovenije - SKUPAJ";85
"2012";"    Severna Makedonija";"Odseljeni v tujino";"Državljani Republike Slovenije - moški";54
"2012";"    Severna Makedonija";"Odseljeni v tujino";"Državljani Republike Slovenije - ženske";31
"2012";"    Srbija";"Odseljeni v tujino";"Državljani Republike Slovenije - SKUPAJ";374
"2012";"    Srbija";"Odseljeni v tujino";"Državljani Republike Slovenije - moški";212
"2012";"    Srbija";"Odseljeni v tujino";"Državljani Republike Slovenije - ženske";162
"2012";"    Švedska";"Odseljeni v tujino";"Državljani Republike Slovenije - SKUPAJ";123
"2012";"    Švedska";"Odseljeni v tujino";"Državljani Republike Slovenije - moški";65
"2012";"    Švedska";"Odseljeni v tujino";"Državljani Republike Slovenije - ženske";58
"2012";"    Švica";"Odseljeni v tujino";"Državljani Republike Slovenije - SKUPAJ";502
"2012";"    Švica";"Odseljeni v tujino";"Državljani Republike Slovenije - moški";269
"2012";"    Švica";"Odseljeni v tujino";"Državljani Republike Slovenije - ženske";233
"2012";"    Druge države Evrope";"Odseljeni v tujino";"Državljani Republike Slovenije - SKUPAJ";1064
"2012";"    Druge države Evrope";"Odseljeni v tujino";"Državljani Republike Slovenije - moški";540
"2012";"    Druge države Evrope";"Odseljeni v tujino";"Državljani Republike Slovenije - ženske";524
"2012";"  AFRIKA";"Odseljeni v tujino";"Državljani Republike Slovenije - SKUPAJ";40
"2012";"  AFRIKA";"Odseljeni v tujino";"Državljani Republike Slovenije - moški";25
"2012";"  AFRIKA";"Odseljeni v tujino";"Državljani Republike Slovenije - ženske";15
"2012";"  AZIJA";"Odseljeni v tujino";"Državljani Republike Slovenije - SKUPAJ";132
"2012";"  AZIJA";"Odseljeni v tujino";"Državljani Republike Slovenije - moški";75
"2012";"  AZIJA";"Odseljeni v tujino";"Državljani Republike Slovenije - ženske";57
"2012";"  JUŽNA AMERIKA";"Odseljeni v tujino";"Državljani Republike Slovenije - SKUPAJ";59
"2012";"  JUŽNA AMERIKA";"Odseljeni v tujino";"Državljani Republike Slovenije - moški";29
"2012";"  JUŽNA AMERIKA";"Odseljeni v tujino";"Državljani Republike Slovenije - ženske";30
"2012";"  SEVERNA IN SREDNJA AMERIKA";"Odseljeni v tujino";"Državljani Republike Slovenije - SKUPAJ";449
"2012";"  SEVERNA IN SREDNJA AMERIKA";"Odseljeni v tujino";"Državljani Republike Slovenije - moški";219
"2012";"  SEVERNA IN SREDNJA AMERIKA";"Odseljeni v tujino";"Državljani Republike Slovenije - ženske";230
"2012";"    Kanada";"Odseljeni v tujino";"Državljani Republike Slovenije - SKUPAJ";170
"2012";"    Kanada";"Odseljeni v tujino";"Državljani Republike Slovenije - moški";85
"2012";"    Kanada";"Odseljeni v tujino";"Državljani Republike Slovenije - ženske";85
"2012";"    Združene države";"Odseljeni v tujino";"Državljani Republike Slovenije - SKUPAJ";259
"2012";"    Združene države";"Odseljeni v tujino";"Državljani Republike Slovenije - moški";124
"2012";"    Združene države";"Odseljeni v tujino";"Državljani Republike Slovenije - ženske";135
"2012";"    Druge države Severne in Srednje Amerike";"Odseljeni v tujino";"Državljani Republike Slovenije - SKUPAJ";20
"2012";"    Druge države Severne in Srednje Amerike";"Odseljeni v tujino";"Državljani Republike Slovenije - moški";10
"2012";"    Druge države Severne in Srednje Amerike";"Odseljeni v tujino";"Državljani Republike Slovenije - ženske";10
"2012";"  AVSTRALIJA IN OCEANIJA";"Odseljeni v tujino";"Državljani Republike Slovenije - SKUPAJ";224
"2012";"  AVSTRALIJA IN OCEANIJA";"Odseljeni v tujino";"Državljani Republike Slovenije - moški";118
"2012";"  AVSTRALIJA IN OCEANIJA";"Odseljeni v tujino";"Državljani Republike Slovenije - ženske";106
"2012";"  Neznano";"Odseljeni v tujino";"Državljani Republike Slovenije - SKUPAJ";0
"2012";"  Neznano";"Odseljeni v tujino";"Državljani Republike Slovenije - moški";0
"2012";"  Neznano";"Odseljeni v tujino";"Državljani Republike Slovenije - ženske";0
"2013";"  EVROPA";"Odseljeni v tujino";"Državljani Republike Slovenije - SKUPAJ";6878
"2013";"  EVROPA";"Odseljeni v tujino";"Državljani Republike Slovenije - moški";3576
"2013";"  EVROPA";"Odseljeni v tujino";"Državljani Republike Slovenije - ženske";3302
"2013";"    Avstrija";"Odseljeni v tujino";"Državljani Republike Slovenije - SKUPAJ";1529
"2013";"    Avstrija";"Odseljeni v tujino";"Državljani Republike Slovenije - moški";809
"2013";"    Avstrija";"Odseljeni v tujino";"Državljani Republike Slovenije - ženske";720
"2013";"    Bosna in Hercegovina";"Odseljeni v tujino";"Državljani Republike Slovenije - SKUPAJ";343
"2013";"    Bosna in Hercegovina";"Odseljeni v tujino";"Državljani Republike Slovenije - moški";186
"2013";"    Bosna in Hercegovina";"Odseljeni v tujino";"Državljani Republike Slovenije - ženske";157
"2013";"    Èrna gora";"Odseljeni v tujino";"Državljani Republike Slovenije - SKUPAJ";43
"2013";"    Èrna gora";"Odseljeni v tujino";"Državljani Republike Slovenije - moški";23
"2013";"    Èrna gora";"Odseljeni v tujino";"Državljani Republike Slovenije - ženske";20
"2013";"    Francija";"Odseljeni v tujino";"Državljani Republike Slovenije - SKUPAJ";131
"2013";"    Francija";"Odseljeni v tujino";"Državljani Republike Slovenije - moški";69
"2013";"    Francija";"Odseljeni v tujino";"Državljani Republike Slovenije - ženske";62
"2013";"    Hrvaška";"Odseljeni v tujino";"Državljani Republike Slovenije - SKUPAJ";719
"2013";"    Hrvaška";"Odseljeni v tujino";"Državljani Republike Slovenije - moški";367
"2013";"    Hrvaška";"Odseljeni v tujino";"Državljani Republike Slovenije - ženske";352
"2013";"    Italija";"Odseljeni v tujino";"Državljani Republike Slovenije - SKUPAJ";281
"2013";"    Italija";"Odseljeni v tujino";"Državljani Republike Slovenije - moški";127
"2013";"    Italija";"Odseljeni v tujino";"Državljani Republike Slovenije - ženske";154
"2013";"    Kosovo";"Odseljeni v tujino";"Državljani Republike Slovenije - SKUPAJ";82
"2013";"    Kosovo";"Odseljeni v tujino";"Državljani Republike Slovenije - moški";51
"2013";"    Kosovo";"Odseljeni v tujino";"Državljani Republike Slovenije - ženske";31
"2013";"    Nemèija";"Odseljeni v tujino";"Državljani Republike Slovenije - SKUPAJ";1662
"2013";"    Nemèija";"Odseljeni v tujino";"Državljani Republike Slovenije - moški";852
"2013";"    Nemèija";"Odseljeni v tujino";"Državljani Republike Slovenije - ženske";810
"2013";"    Severna Makedonija";"Odseljeni v tujino";"Državljani Republike Slovenije - SKUPAJ";87
"2013";"    Severna Makedonija";"Odseljeni v tujino";"Državljani Republike Slovenije - moški";56
"2013";"    Severna Makedonija";"Odseljeni v tujino";"Državljani Republike Slovenije - ženske";31
"2013";"    Srbija";"Odseljeni v tujino";"Državljani Republike Slovenije - SKUPAJ";366
"2013";"    Srbija";"Odseljeni v tujino";"Državljani Republike Slovenije - moški";185
"2013";"    Srbija";"Odseljeni v tujino";"Državljani Republike Slovenije - ženske";181
"2013";"    Švedska";"Odseljeni v tujino";"Državljani Republike Slovenije - SKUPAJ";99
"2013";"    Švedska";"Odseljeni v tujino";"Državljani Republike Slovenije - moški";45
"2013";"    Švedska";"Odseljeni v tujino";"Državljani Republike Slovenije - ženske";54
"2013";"    Švica";"Odseljeni v tujino";"Državljani Republike Slovenije - SKUPAJ";468
"2013";"    Švica";"Odseljeni v tujino";"Državljani Republike Slovenije - moški";264
"2013";"    Švica";"Odseljeni v tujino";"Državljani Republike Slovenije - ženske";204
"2013";"    Druge države Evrope";"Odseljeni v tujino";"Državljani Republike Slovenije - SKUPAJ";1068
"2013";"    Druge države Evrope";"Odseljeni v tujino";"Državljani Republike Slovenije - moški";542
"2013";"    Druge države Evrope";"Odseljeni v tujino";"Državljani Republike Slovenije - ženske";526
"2013";"  AFRIKA";"Odseljeni v tujino";"Državljani Republike Slovenije - SKUPAJ";37
"2013";"  AFRIKA";"Odseljeni v tujino";"Državljani Republike Slovenije - moški";22
"2013";"  AFRIKA";"Odseljeni v tujino";"Državljani Republike Slovenije - ženske";15
"2013";"  AZIJA";"Odseljeni v tujino";"Državljani Republike Slovenije - SKUPAJ";165
"2013";"  AZIJA";"Odseljeni v tujino";"Državljani Republike Slovenije - moški";94
"2013";"  AZIJA";"Odseljeni v tujino";"Državljani Republike Slovenije - ženske";71
"2013";"  JUŽNA AMERIKA";"Odseljeni v tujino";"Državljani Republike Slovenije - SKUPAJ";38
"2013";"  JUŽNA AMERIKA";"Odseljeni v tujino";"Državljani Republike Slovenije - moški";24
"2013";"  JUŽNA AMERIKA";"Odseljeni v tujino";"Državljani Republike Slovenije - ženske";14
"2013";"  SEVERNA IN SREDNJA AMERIKA";"Odseljeni v tujino";"Državljani Republike Slovenije - SKUPAJ";463
"2013";"  SEVERNA IN SREDNJA AMERIKA";"Odseljeni v tujino";"Državljani Republike Slovenije - moški";239
"2013";"  SEVERNA IN SREDNJA AMERIKA";"Odseljeni v tujino";"Državljani Republike Slovenije - ženske";224
"2013";"    Kanada";"Odseljeni v tujino";"Državljani Republike Slovenije - SKUPAJ";138
"2013";"    Kanada";"Odseljeni v tujino";"Državljani Republike Slovenije - moški";63
"2013";"    Kanada";"Odseljeni v tujino";"Državljani Republike Slovenije - ženske";75
"2013";"    Združene države";"Odseljeni v tujino";"Državljani Republike Slovenije - SKUPAJ";298
"2013";"    Združene države";"Odseljeni v tujino";"Državljani Republike Slovenije - moški";160
"2013";"    Združene države";"Odseljeni v tujino";"Državljani Republike Slovenije - ženske";138
"2013";"    Druge države Severne in Srednje Amerike";"Odseljeni v tujino";"Državljani Republike Slovenije - SKUPAJ";27
"2013";"    Druge države Severne in Srednje Amerike";"Odseljeni v tujino";"Državljani Republike Slovenije - moški";16
"2013";"    Druge države Severne in Srednje Amerike";"Odseljeni v tujino";"Državljani Republike Slovenije - ženske";11
"2013";"  AVSTRALIJA IN OCEANIJA";"Odseljeni v tujino";"Državljani Republike Slovenije - SKUPAJ";208
"2013";"  AVSTRALIJA IN OCEANIJA";"Odseljeni v tujino";"Državljani Republike Slovenije - moški";104
"2013";"  AVSTRALIJA IN OCEANIJA";"Odseljeni v tujino";"Državljani Republike Slovenije - ženske";104
"2013";"  Neznano";"Odseljeni v tujino";"Državljani Republike Slovenije - SKUPAJ";0
"2013";"  Neznano";"Odseljeni v tujino";"Državljani Republike Slovenije - moški";0
"2013";"  Neznano";"Odseljeni v tujino";"Državljani Republike Slovenije - ženske";0
"2014";"  EVROPA";"Odseljeni v tujino";"Državljani Republike Slovenije - SKUPAJ";7263
"2014";"  EVROPA";"Odseljeni v tujino";"Državljani Republike Slovenije - moški";3905
"2014";"  EVROPA";"Odseljeni v tujino";"Državljani Republike Slovenije - ženske";3358
"2014";"    Avstrija";"Odseljeni v tujino";"Državljani Republike Slovenije - SKUPAJ";2270
"2014";"    Avstrija";"Odseljeni v tujino";"Državljani Republike Slovenije - moški";1255
"2014";"    Avstrija";"Odseljeni v tujino";"Državljani Republike Slovenije - ženske";1015
"2014";"    Bosna in Hercegovina";"Odseljeni v tujino";"Državljani Republike Slovenije - SKUPAJ";208
"2014";"    Bosna in Hercegovina";"Odseljeni v tujino";"Državljani Republike Slovenije - moški";121
"2014";"    Bosna in Hercegovina";"Odseljeni v tujino";"Državljani Republike Slovenije - ženske";87
"2014";"    Èrna gora";"Odseljeni v tujino";"Državljani Republike Slovenije - SKUPAJ";22
"2014";"    Èrna gora";"Odseljeni v tujino";"Državljani Republike Slovenije - moški";12
"2014";"    Èrna gora";"Odseljeni v tujino";"Državljani Republike Slovenije - ženske";10
"2014";"    Francija";"Odseljeni v tujino";"Državljani Republike Slovenije - SKUPAJ";103
"2014";"    Francija";"Odseljeni v tujino";"Državljani Republike Slovenije - moški";46
"2014";"    Francija";"Odseljeni v tujino";"Državljani Republike Slovenije - ženske";57
"2014";"    Hrvaška";"Odseljeni v tujino";"Državljani Republike Slovenije - SKUPAJ";587
"2014";"    Hrvaška";"Odseljeni v tujino";"Državljani Republike Slovenije - moški";306
"2014";"    Hrvaška";"Odseljeni v tujino";"Državljani Republike Slovenije - ženske";281
"2014";"    Italija";"Odseljeni v tujino";"Državljani Republike Slovenije - SKUPAJ";286
"2014";"    Italija";"Odseljeni v tujino";"Državljani Republike Slovenije - moški";128
"2014";"    Italija";"Odseljeni v tujino";"Državljani Republike Slovenije - ženske";158
"2014";"    Kosovo";"Odseljeni v tujino";"Državljani Republike Slovenije - SKUPAJ";34
"2014";"    Kosovo";"Odseljeni v tujino";"Državljani Republike Slovenije - moški";24
"2014";"    Kosovo";"Odseljeni v tujino";"Državljani Republike Slovenije - ženske";10
"2014";"    Nemèija";"Odseljeni v tujino";"Državljani Republike Slovenije - SKUPAJ";1625
"2014";"    Nemèija";"Odseljeni v tujino";"Državljani Republike Slovenije - moški";862
"2014";"    Nemèija";"Odseljeni v tujino";"Državljani Republike Slovenije - ženske";763
"2014";"    Severna Makedonija";"Odseljeni v tujino";"Državljani Republike Slovenije - SKUPAJ";58
"2014";"    Severna Makedonija";"Odseljeni v tujino";"Državljani Republike Slovenije - moški";36
"2014";"    Severna Makedonija";"Odseljeni v tujino";"Državljani Republike Slovenije - ženske";22
"2014";"    Srbija";"Odseljeni v tujino";"Državljani Republike Slovenije - SKUPAJ";196
"2014";"    Srbija";"Odseljeni v tujino";"Državljani Republike Slovenije - moški";105
"2014";"    Srbija";"Odseljeni v tujino";"Državljani Republike Slovenije - ženske";91
"2014";"    Švedska";"Odseljeni v tujino";"Državljani Republike Slovenije - SKUPAJ";128
"2014";"    Švedska";"Odseljeni v tujino";"Državljani Republike Slovenije - moški";73
"2014";"    Švedska";"Odseljeni v tujino";"Državljani Republike Slovenije - ženske";55
"2014";"    Švica";"Odseljeni v tujino";"Državljani Republike Slovenije - SKUPAJ";644
"2014";"    Švica";"Odseljeni v tujino";"Državljani Republike Slovenije - moški";359
"2014";"    Švica";"Odseljeni v tujino";"Državljani Republike Slovenije - ženske";285
"2014";"    Druge države Evrope";"Odseljeni v tujino";"Državljani Republike Slovenije - SKUPAJ";1102
"2014";"    Druge države Evrope";"Odseljeni v tujino";"Državljani Republike Slovenije - moški";578
"2014";"    Druge države Evrope";"Odseljeni v tujino";"Državljani Republike Slovenije - ženske";524
"2014";"  AFRIKA";"Odseljeni v tujino";"Državljani Republike Slovenije - SKUPAJ";29
"2014";"  AFRIKA";"Odseljeni v tujino";"Državljani Republike Slovenije - moški";12
"2014";"  AFRIKA";"Odseljeni v tujino";"Državljani Republike Slovenije - ženske";17
"2014";"  AZIJA";"Odseljeni v tujino";"Državljani Republike Slovenije - SKUPAJ";213
"2014";"  AZIJA";"Odseljeni v tujino";"Državljani Republike Slovenije - moški";126
"2014";"  AZIJA";"Odseljeni v tujino";"Državljani Republike Slovenije - ženske";87
"2014";"  JUŽNA AMERIKA";"Odseljeni v tujino";"Državljani Republike Slovenije - SKUPAJ";28
"2014";"  JUŽNA AMERIKA";"Odseljeni v tujino";"Državljani Republike Slovenije - moški";18
"2014";"  JUŽNA AMERIKA";"Odseljeni v tujino";"Državljani Republike Slovenije - ženske";10
"2014";"  SEVERNA IN SREDNJA AMERIKA";"Odseljeni v tujino";"Državljani Republike Slovenije - SKUPAJ";369
"2014";"  SEVERNA IN SREDNJA AMERIKA";"Odseljeni v tujino";"Državljani Republike Slovenije - moški";196
"2014";"  SEVERNA IN SREDNJA AMERIKA";"Odseljeni v tujino";"Državljani Republike Slovenije - ženske";173
"2014";"    Kanada";"Odseljeni v tujino";"Državljani Republike Slovenije - SKUPAJ";101
"2014";"    Kanada";"Odseljeni v tujino";"Državljani Republike Slovenije - moški";54
"2014";"    Kanada";"Odseljeni v tujino";"Državljani Republike Slovenije - ženske";47
"2014";"    Združene države";"Odseljeni v tujino";"Državljani Republike Slovenije - SKUPAJ";244
"2014";"    Združene države";"Odseljeni v tujino";"Državljani Republike Slovenije - moški";128
"2014";"    Združene države";"Odseljeni v tujino";"Državljani Republike Slovenije - ženske";116
"2014";"    Druge države Severne in Srednje Amerike";"Odseljeni v tujino";"Državljani Republike Slovenije - SKUPAJ";24
"2014";"    Druge države Severne in Srednje Amerike";"Odseljeni v tujino";"Državljani Republike Slovenije - moški";14
"2014";"    Druge države Severne in Srednje Amerike";"Odseljeni v tujino";"Državljani Republike Slovenije - ženske";10
"2014";"  AVSTRALIJA IN OCEANIJA";"Odseljeni v tujino";"Državljani Republike Slovenije - SKUPAJ";227
"2014";"  AVSTRALIJA IN OCEANIJA";"Odseljeni v tujino";"Državljani Republike Slovenije - moški";119
"2014";"  AVSTRALIJA IN OCEANIJA";"Odseljeni v tujino";"Državljani Republike Slovenije - ženske";108
"2014";"  Neznano";"Odseljeni v tujino";"Državljani Republike Slovenije - SKUPAJ";0
"2014";"  Neznano";"Odseljeni v tujino";"Državljani Republike Slovenije - moški";0
"2014";"  Neznano";"Odseljeni v tujino";"Državljani Republike Slovenije - ženske";0
"2015";"  EVROPA";"Odseljeni v tujino";"Državljani Republike Slovenije - SKUPAJ";7831
"2015";"  EVROPA";"Odseljeni v tujino";"Državljani Republike Slovenije - moški";4238
"2015";"  EVROPA";"Odseljeni v tujino";"Državljani Republike Slovenije - ženske";3593
"2015";"    Avstrija";"Odseljeni v tujino";"Državljani Republike Slovenije - SKUPAJ";2273
"2015";"    Avstrija";"Odseljeni v tujino";"Državljani Republike Slovenije - moški";1312
"2015";"    Avstrija";"Odseljeni v tujino";"Državljani Republike Slovenije - ženske";961
"2015";"    Bosna in Hercegovina";"Odseljeni v tujino";"Državljani Republike Slovenije - SKUPAJ";231
"2015";"    Bosna in Hercegovina";"Odseljeni v tujino";"Državljani Republike Slovenije - moški";132
"2015";"    Bosna in Hercegovina";"Odseljeni v tujino";"Državljani Republike Slovenije - ženske";99
"2015";"    Èrna gora";"Odseljeni v tujino";"Državljani Republike Slovenije - SKUPAJ";19
"2015";"    Èrna gora";"Odseljeni v tujino";"Državljani Republike Slovenije - moški";12
"2015";"    Èrna gora";"Odseljeni v tujino";"Državljani Republike Slovenije - ženske";7
"2015";"    Francija";"Odseljeni v tujino";"Državljani Republike Slovenije - SKUPAJ";133
"2015";"    Francija";"Odseljeni v tujino";"Državljani Republike Slovenije - moški";62
"2015";"    Francija";"Odseljeni v tujino";"Državljani Republike Slovenije - ženske";71
"2015";"    Hrvaška";"Odseljeni v tujino";"Državljani Republike Slovenije - SKUPAJ";562
"2015";"    Hrvaška";"Odseljeni v tujino";"Državljani Republike Slovenije - moški";287
"2015";"    Hrvaška";"Odseljeni v tujino";"Državljani Republike Slovenije - ženske";275
"2015";"    Italija";"Odseljeni v tujino";"Državljani Republike Slovenije - SKUPAJ";274
"2015";"    Italija";"Odseljeni v tujino";"Državljani Republike Slovenije - moški";117
"2015";"    Italija";"Odseljeni v tujino";"Državljani Republike Slovenije - ženske";157
"2015";"    Kosovo";"Odseljeni v tujino";"Državljani Republike Slovenije - SKUPAJ";69
"2015";"    Kosovo";"Odseljeni v tujino";"Državljani Republike Slovenije - moški";47
"2015";"    Kosovo";"Odseljeni v tujino";"Državljani Republike Slovenije - ženske";22
"2015";"    Nemèija";"Odseljeni v tujino";"Državljani Republike Slovenije - SKUPAJ";1790
"2015";"    Nemèija";"Odseljeni v tujino";"Državljani Republike Slovenije - moški";954
"2015";"    Nemèija";"Odseljeni v tujino";"Državljani Republike Slovenije - ženske";836
"2015";"    Severna Makedonija";"Odseljeni v tujino";"Državljani Republike Slovenije - SKUPAJ";71
"2015";"    Severna Makedonija";"Odseljeni v tujino";"Državljani Republike Slovenije - moški";40
"2015";"    Severna Makedonija";"Odseljeni v tujino";"Državljani Republike Slovenije - ženske";31
"2015";"    Srbija";"Odseljeni v tujino";"Državljani Republike Slovenije - SKUPAJ";236
"2015";"    Srbija";"Odseljeni v tujino";"Državljani Republike Slovenije - moški";128
"2015";"    Srbija";"Odseljeni v tujino";"Državljani Republike Slovenije - ženske";108
"2015";"    Švedska";"Odseljeni v tujino";"Državljani Republike Slovenije - SKUPAJ";102
"2015";"    Švedska";"Odseljeni v tujino";"Državljani Republike Slovenije - moški";44
"2015";"    Švedska";"Odseljeni v tujino";"Državljani Republike Slovenije - ženske";58
"2015";"    Švica";"Odseljeni v tujino";"Državljani Republike Slovenije - SKUPAJ";892
"2015";"    Švica";"Odseljeni v tujino";"Državljani Republike Slovenije - moški";503
"2015";"    Švica";"Odseljeni v tujino";"Državljani Republike Slovenije - ženske";389
"2015";"    Druge države Evrope";"Odseljeni v tujino";"Državljani Republike Slovenije - SKUPAJ";1179
"2015";"    Druge države Evrope";"Odseljeni v tujino";"Državljani Republike Slovenije - moški";600
"2015";"    Druge države Evrope";"Odseljeni v tujino";"Državljani Republike Slovenije - ženske";579
"2015";"  AFRIKA";"Odseljeni v tujino";"Državljani Republike Slovenije - SKUPAJ";33
"2015";"  AFRIKA";"Odseljeni v tujino";"Državljani Republike Slovenije - moški";15
"2015";"  AFRIKA";"Odseljeni v tujino";"Državljani Republike Slovenije - ženske";18
"2015";"  AZIJA";"Odseljeni v tujino";"Državljani Republike Slovenije - SKUPAJ";194
"2015";"  AZIJA";"Odseljeni v tujino";"Državljani Republike Slovenije - moški";103
"2015";"  AZIJA";"Odseljeni v tujino";"Državljani Republike Slovenije - ženske";91
"2015";"  JUŽNA AMERIKA";"Odseljeni v tujino";"Državljani Republike Slovenije - SKUPAJ";43
"2015";"  JUŽNA AMERIKA";"Odseljeni v tujino";"Državljani Republike Slovenije - moški";24
"2015";"  JUŽNA AMERIKA";"Odseljeni v tujino";"Državljani Republike Slovenije - ženske";19
"2015";"  SEVERNA IN SREDNJA AMERIKA";"Odseljeni v tujino";"Državljani Republike Slovenije - SKUPAJ";398
"2015";"  SEVERNA IN SREDNJA AMERIKA";"Odseljeni v tujino";"Državljani Republike Slovenije - moški";220
"2015";"  SEVERNA IN SREDNJA AMERIKA";"Odseljeni v tujino";"Državljani Republike Slovenije - ženske";178
"2015";"    Kanada";"Odseljeni v tujino";"Državljani Republike Slovenije - SKUPAJ";105
"2015";"    Kanada";"Odseljeni v tujino";"Državljani Republike Slovenije - moški";57
"2015";"    Kanada";"Odseljeni v tujino";"Državljani Republike Slovenije - ženske";48
"2015";"    Združene države";"Odseljeni v tujino";"Državljani Republike Slovenije - SKUPAJ";274
"2015";"    Združene države";"Odseljeni v tujino";"Državljani Republike Slovenije - moški";151
"2015";"    Združene države";"Odseljeni v tujino";"Državljani Republike Slovenije - ženske";123
"2015";"    Druge države Severne in Srednje Amerike";"Odseljeni v tujino";"Državljani Republike Slovenije - SKUPAJ";19
"2015";"    Druge države Severne in Srednje Amerike";"Odseljeni v tujino";"Državljani Republike Slovenije - moški";12
"2015";"    Druge države Severne in Srednje Amerike";"Odseljeni v tujino";"Državljani Republike Slovenije - ženske";7
"2015";"  AVSTRALIJA IN OCEANIJA";"Odseljeni v tujino";"Državljani Republike Slovenije - SKUPAJ";155
"2015";"  AVSTRALIJA IN OCEANIJA";"Odseljeni v tujino";"Državljani Republike Slovenije - moški";91
"2015";"  AVSTRALIJA IN OCEANIJA";"Odseljeni v tujino";"Državljani Republike Slovenije - ženske";64
"2015";"  Neznano";"Odseljeni v tujino";"Državljani Republike Slovenije - SKUPAJ";0
"2015";"  Neznano";"Odseljeni v tujino";"Državljani Republike Slovenije - moški";0
"2015";"  Neznano";"Odseljeni v tujino";"Državljani Republike Slovenije - ženske";0
"2016";"  EVROPA";"Odseljeni v tujino";"Državljani Republike Slovenije - SKUPAJ";8053
"2016";"  EVROPA";"Odseljeni v tujino";"Državljani Republike Slovenije - moški";4292
"2016";"  EVROPA";"Odseljeni v tujino";"Državljani Republike Slovenije - ženske";3761
"2016";"    Avstrija";"Odseljeni v tujino";"Državljani Republike Slovenije - SKUPAJ";2404
"2016";"    Avstrija";"Odseljeni v tujino";"Državljani Republike Slovenije - moški";1320
"2016";"    Avstrija";"Odseljeni v tujino";"Državljani Republike Slovenije - ženske";1084
"2016";"    Bosna in Hercegovina";"Odseljeni v tujino";"Državljani Republike Slovenije - SKUPAJ";170
"2016";"    Bosna in Hercegovina";"Odseljeni v tujino";"Državljani Republike Slovenije - moški";110
"2016";"    Bosna in Hercegovina";"Odseljeni v tujino";"Državljani Republike Slovenije - ženske";60
"2016";"    Èrna gora";"Odseljeni v tujino";"Državljani Republike Slovenije - SKUPAJ";19
"2016";"    Èrna gora";"Odseljeni v tujino";"Državljani Republike Slovenije - moški";12
"2016";"    Èrna gora";"Odseljeni v tujino";"Državljani Republike Slovenije - ženske";7
"2016";"    Francija";"Odseljeni v tujino";"Državljani Republike Slovenije - SKUPAJ";118
"2016";"    Francija";"Odseljeni v tujino";"Državljani Republike Slovenije - moški";59
"2016";"    Francija";"Odseljeni v tujino";"Državljani Republike Slovenije - ženske";59
"2016";"    Hrvaška";"Odseljeni v tujino";"Državljani Republike Slovenije - SKUPAJ";489
"2016";"    Hrvaška";"Odseljeni v tujino";"Državljani Republike Slovenije - moški";252
"2016";"    Hrvaška";"Odseljeni v tujino";"Državljani Republike Slovenije - ženske";237
"2016";"    Italija";"Odseljeni v tujino";"Državljani Republike Slovenije - SKUPAJ";266
"2016";"    Italija";"Odseljeni v tujino";"Državljani Republike Slovenije - moški";115
"2016";"    Italija";"Odseljeni v tujino";"Državljani Republike Slovenije - ženske";151
"2016";"    Kosovo";"Odseljeni v tujino";"Državljani Republike Slovenije - SKUPAJ";42
"2016";"    Kosovo";"Odseljeni v tujino";"Državljani Republike Slovenije - moški";23
"2016";"    Kosovo";"Odseljeni v tujino";"Državljani Republike Slovenije - ženske";19
"2016";"    Nemèija";"Odseljeni v tujino";"Državljani Republike Slovenije - SKUPAJ";1795
"2016";"    Nemèija";"Odseljeni v tujino";"Državljani Republike Slovenije - moški";981
"2016";"    Nemèija";"Odseljeni v tujino";"Državljani Republike Slovenije - ženske";814
"2016";"    Severna Makedonija";"Odseljeni v tujino";"Državljani Republike Slovenije - SKUPAJ";46
"2016";"    Severna Makedonija";"Odseljeni v tujino";"Državljani Republike Slovenije - moški";29
"2016";"    Severna Makedonija";"Odseljeni v tujino";"Državljani Republike Slovenije - ženske";17
"2016";"    Srbija";"Odseljeni v tujino";"Državljani Republike Slovenije - SKUPAJ";218
"2016";"    Srbija";"Odseljeni v tujino";"Državljani Republike Slovenije - moški";118
"2016";"    Srbija";"Odseljeni v tujino";"Državljani Republike Slovenije - ženske";100
"2016";"    Švedska";"Odseljeni v tujino";"Državljani Republike Slovenije - SKUPAJ";122
"2016";"    Švedska";"Odseljeni v tujino";"Državljani Republike Slovenije - moški";69
"2016";"    Švedska";"Odseljeni v tujino";"Državljani Republike Slovenije - ženske";53
"2016";"    Švica";"Odseljeni v tujino";"Državljani Republike Slovenije - SKUPAJ";949
"2016";"    Švica";"Odseljeni v tujino";"Državljani Republike Slovenije - moški";519
"2016";"    Švica";"Odseljeni v tujino";"Državljani Republike Slovenije - ženske";430
"2016";"    Druge države Evrope";"Odseljeni v tujino";"Državljani Republike Slovenije - SKUPAJ";1415
"2016";"    Druge države Evrope";"Odseljeni v tujino";"Državljani Republike Slovenije - moški";685
"2016";"    Druge države Evrope";"Odseljeni v tujino";"Državljani Republike Slovenije - ženske";730
"2016";"  AFRIKA";"Odseljeni v tujino";"Državljani Republike Slovenije - SKUPAJ";19
"2016";"  AFRIKA";"Odseljeni v tujino";"Državljani Republike Slovenije - moški";10
"2016";"  AFRIKA";"Odseljeni v tujino";"Državljani Republike Slovenije - ženske";9
"2016";"  AZIJA";"Odseljeni v tujino";"Državljani Republike Slovenije - SKUPAJ";212
"2016";"  AZIJA";"Odseljeni v tujino";"Državljani Republike Slovenije - moški";108
"2016";"  AZIJA";"Odseljeni v tujino";"Državljani Republike Slovenije - ženske";104
"2016";"  JUŽNA AMERIKA";"Odseljeni v tujino";"Državljani Republike Slovenije - SKUPAJ";22
"2016";"  JUŽNA AMERIKA";"Odseljeni v tujino";"Državljani Republike Slovenije - moški";11
"2016";"  JUŽNA AMERIKA";"Odseljeni v tujino";"Državljani Republike Slovenije - ženske";11
"2016";"  SEVERNA IN SREDNJA AMERIKA";"Odseljeni v tujino";"Državljani Republike Slovenije - SKUPAJ";328
"2016";"  SEVERNA IN SREDNJA AMERIKA";"Odseljeni v tujino";"Državljani Republike Slovenije - moški";172
"2016";"  SEVERNA IN SREDNJA AMERIKA";"Odseljeni v tujino";"Državljani Republike Slovenije - ženske";156
"2016";"    Kanada";"Odseljeni v tujino";"Državljani Republike Slovenije - SKUPAJ";84
"2016";"    Kanada";"Odseljeni v tujino";"Državljani Republike Slovenije - moški";41
"2016";"    Kanada";"Odseljeni v tujino";"Državljani Republike Slovenije - ženske";43
"2016";"    Združene države";"Odseljeni v tujino";"Državljani Republike Slovenije - SKUPAJ";228
"2016";"    Združene države";"Odseljeni v tujino";"Državljani Republike Slovenije - moški";122
"2016";"    Združene države";"Odseljeni v tujino";"Državljani Republike Slovenije - ženske";106
"2016";"    Druge države Severne in Srednje Amerike";"Odseljeni v tujino";"Državljani Republike Slovenije - SKUPAJ";16
"2016";"    Druge države Severne in Srednje Amerike";"Odseljeni v tujino";"Državljani Republike Slovenije - moški";9
"2016";"    Druge države Severne in Srednje Amerike";"Odseljeni v tujino";"Državljani Republike Slovenije - ženske";7
"2016";"  AVSTRALIJA IN OCEANIJA";"Odseljeni v tujino";"Državljani Republike Slovenije - SKUPAJ";184
"2016";"  AVSTRALIJA IN OCEANIJA";"Odseljeni v tujino";"Državljani Republike Slovenije - moški";92
"2016";"  AVSTRALIJA IN OCEANIJA";"Odseljeni v tujino";"Državljani Republike Slovenije - ženske";92
"2016";"  Neznano";"Odseljeni v tujino";"Državljani Republike Slovenije - SKUPAJ";0
"2016";"  Neznano";"Odseljeni v tujino";"Državljani Republike Slovenije - moški";0
"2016";"  Neznano";"Odseljeni v tujino";"Državljani Republike Slovenije - ženske";0
"2017";"  EVROPA";"Odseljeni v tujino";"Državljani Republike Slovenije - SKUPAJ";8924
"2017";"  EVROPA";"Odseljeni v tujino";"Državljani Republike Slovenije - moški";4735
"2017";"  EVROPA";"Odseljeni v tujino";"Državljani Republike Slovenije - ženske";4189
"2017";"    Avstrija";"Odseljeni v tujino";"Državljani Republike Slovenije - SKUPAJ";2492
"2017";"    Avstrija";"Odseljeni v tujino";"Državljani Republike Slovenije - moški";1362
"2017";"    Avstrija";"Odseljeni v tujino";"Državljani Republike Slovenije - ženske";1130
"2017";"    Bosna in Hercegovina";"Odseljeni v tujino";"Državljani Republike Slovenije - SKUPAJ";233
"2017";"    Bosna in Hercegovina";"Odseljeni v tujino";"Državljani Republike Slovenije - moški";148
"2017";"    Bosna in Hercegovina";"Odseljeni v tujino";"Državljani Republike Slovenije - ženske";85
"2017";"    Èrna gora";"Odseljeni v tujino";"Državljani Republike Slovenije - SKUPAJ";19
"2017";"    Èrna gora";"Odseljeni v tujino";"Državljani Republike Slovenije - moški";10
"2017";"    Èrna gora";"Odseljeni v tujino";"Državljani Republike Slovenije - ženske";9
"2017";"    Francija";"Odseljeni v tujino";"Državljani Republike Slovenije - SKUPAJ";149
"2017";"    Francija";"Odseljeni v tujino";"Državljani Republike Slovenije - moški";61
"2017";"    Francija";"Odseljeni v tujino";"Državljani Republike Slovenije - ženske";88
"2017";"    Hrvaška";"Odseljeni v tujino";"Državljani Republike Slovenije - SKUPAJ";620
"2017";"    Hrvaška";"Odseljeni v tujino";"Državljani Republike Slovenije - moški";317
"2017";"    Hrvaška";"Odseljeni v tujino";"Državljani Republike Slovenije - ženske";303
"2017";"    Italija";"Odseljeni v tujino";"Državljani Republike Slovenije - SKUPAJ";347
"2017";"    Italija";"Odseljeni v tujino";"Državljani Republike Slovenije - moški";162
"2017";"    Italija";"Odseljeni v tujino";"Državljani Republike Slovenije - ženske";185
"2017";"    Kosovo";"Odseljeni v tujino";"Državljani Republike Slovenije - SKUPAJ";40
"2017";"    Kosovo";"Odseljeni v tujino";"Državljani Republike Slovenije - moški";28
"2017";"    Kosovo";"Odseljeni v tujino";"Državljani Republike Slovenije - ženske";12
"2017";"    Nemèija";"Odseljeni v tujino";"Državljani Republike Slovenije - SKUPAJ";1860
"2017";"    Nemèija";"Odseljeni v tujino";"Državljani Republike Slovenije - moški";1021
"2017";"    Nemèija";"Odseljeni v tujino";"Državljani Republike Slovenije - ženske";839
"2017";"    Severna Makedonija";"Odseljeni v tujino";"Državljani Republike Slovenije - SKUPAJ";74
"2017";"    Severna Makedonija";"Odseljeni v tujino";"Državljani Republike Slovenije - moški";43
"2017";"    Severna Makedonija";"Odseljeni v tujino";"Državljani Republike Slovenije - ženske";31
"2017";"    Srbija";"Odseljeni v tujino";"Državljani Republike Slovenije - SKUPAJ";189
"2017";"    Srbija";"Odseljeni v tujino";"Državljani Republike Slovenije - moški";121
"2017";"    Srbija";"Odseljeni v tujino";"Državljani Republike Slovenije - ženske";68
"2017";"    Švedska";"Odseljeni v tujino";"Državljani Republike Slovenije - SKUPAJ";117
"2017";"    Švedska";"Odseljeni v tujino";"Državljani Republike Slovenije - moški";67
"2017";"    Švedska";"Odseljeni v tujino";"Državljani Republike Slovenije - ženske";50
"2017";"    Švica";"Odseljeni v tujino";"Državljani Republike Slovenije - SKUPAJ";880
"2017";"    Švica";"Odseljeni v tujino";"Državljani Republike Slovenije - moški";484
"2017";"    Švica";"Odseljeni v tujino";"Državljani Republike Slovenije - ženske";396
"2017";"    Druge države Evrope";"Odseljeni v tujino";"Državljani Republike Slovenije - SKUPAJ";1904
"2017";"    Druge države Evrope";"Odseljeni v tujino";"Državljani Republike Slovenije - moški";911
"2017";"    Druge države Evrope";"Odseljeni v tujino";"Državljani Republike Slovenije - ženske";993
"2017";"  AFRIKA";"Odseljeni v tujino";"Državljani Republike Slovenije - SKUPAJ";33
"2017";"  AFRIKA";"Odseljeni v tujino";"Državljani Republike Slovenije - moški";20
"2017";"  AFRIKA";"Odseljeni v tujino";"Državljani Republike Slovenije - ženske";13
"2017";"  AZIJA";"Odseljeni v tujino";"Državljani Republike Slovenije - SKUPAJ";236
"2017";"  AZIJA";"Odseljeni v tujino";"Državljani Republike Slovenije - moški";132
"2017";"  AZIJA";"Odseljeni v tujino";"Državljani Republike Slovenije - ženske";104
"2017";"  JUŽNA AMERIKA";"Odseljeni v tujino";"Državljani Republike Slovenije - SKUPAJ";34
"2017";"  JUŽNA AMERIKA";"Odseljeni v tujino";"Državljani Republike Slovenije - moški";17
"2017";"  JUŽNA AMERIKA";"Odseljeni v tujino";"Državljani Republike Slovenije - ženske";17
"2017";"  SEVERNA IN SREDNJA AMERIKA";"Odseljeni v tujino";"Državljani Republike Slovenije - SKUPAJ";415
"2017";"  SEVERNA IN SREDNJA AMERIKA";"Odseljeni v tujino";"Državljani Republike Slovenije - moški";209
"2017";"  SEVERNA IN SREDNJA AMERIKA";"Odseljeni v tujino";"Državljani Republike Slovenije - ženske";206
"2017";"    Kanada";"Odseljeni v tujino";"Državljani Republike Slovenije - SKUPAJ";118
"2017";"    Kanada";"Odseljeni v tujino";"Državljani Republike Slovenije - moški";64
"2017";"    Kanada";"Odseljeni v tujino";"Državljani Republike Slovenije - ženske";54
"2017";"    Združene države";"Odseljeni v tujino";"Državljani Republike Slovenije - SKUPAJ";276
"2017";"    Združene države";"Odseljeni v tujino";"Državljani Republike Slovenije - moški";137
"2017";"    Združene države";"Odseljeni v tujino";"Državljani Republike Slovenije - ženske";139
"2017";"    Druge države Severne in Srednje Amerike";"Odseljeni v tujino";"Državljani Republike Slovenije - SKUPAJ";21
"2017";"    Druge države Severne in Srednje Amerike";"Odseljeni v tujino";"Državljani Republike Slovenije - moški";8
"2017";"    Druge države Severne in Srednje Amerike";"Odseljeni v tujino";"Državljani Republike Slovenije - ženske";13
"2017";"  AVSTRALIJA IN OCEANIJA";"Odseljeni v tujino";"Državljani Republike Slovenije - SKUPAJ";229
"2017";"  AVSTRALIJA IN OCEANIJA";"Odseljeni v tujino";"Državljani Republike Slovenije - moški";104
"2017";"  AVSTRALIJA IN OCEANIJA";"Odseljeni v tujino";"Državljani Republike Slovenije - ženske";125
"2017";"  Neznano";"Odseljeni v tujino";"Državljani Republike Slovenije - SKUPAJ";0
"2017";"  Neznano";"Odseljeni v tujino";"Državljani Republike Slovenije - moški";0
"2017";"  Neznano";"Odseljeni v tujino";"Državljani Republike Slovenije - ženske";0
"2018";"  EVROPA";"Odseljeni v tujino";"Državljani Republike Slovenije - SKUPAJ";6007
"2018";"  EVROPA";"Odseljeni v tujino";"Državljani Republike Slovenije - moški";3173
"2018";"  EVROPA";"Odseljeni v tujino";"Državljani Republike Slovenije - ženske";2834
"2018";"    Avstrija";"Odseljeni v tujino";"Državljani Republike Slovenije - SKUPAJ";1693
"2018";"    Avstrija";"Odseljeni v tujino";"Državljani Republike Slovenije - moški";941
"2018";"    Avstrija";"Odseljeni v tujino";"Državljani Republike Slovenije - ženske";752
"2018";"    Bosna in Hercegovina";"Odseljeni v tujino";"Državljani Republike Slovenije - SKUPAJ";151
"2018";"    Bosna in Hercegovina";"Odseljeni v tujino";"Državljani Republike Slovenije - moški";95
"2018";"    Bosna in Hercegovina";"Odseljeni v tujino";"Državljani Republike Slovenije - ženske";56
"2018";"    Èrna gora";"Odseljeni v tujino";"Državljani Republike Slovenije - SKUPAJ";16
"2018";"    Èrna gora";"Odseljeni v tujino";"Državljani Republike Slovenije - moški";7
"2018";"    Èrna gora";"Odseljeni v tujino";"Državljani Republike Slovenije - ženske";9
"2018";"    Francija";"Odseljeni v tujino";"Državljani Republike Slovenije - SKUPAJ";85
"2018";"    Francija";"Odseljeni v tujino";"Državljani Republike Slovenije - moški";38
"2018";"    Francija";"Odseljeni v tujino";"Državljani Republike Slovenije - ženske";47
"2018";"    Hrvaška";"Odseljeni v tujino";"Državljani Republike Slovenije - SKUPAJ";428
"2018";"    Hrvaška";"Odseljeni v tujino";"Državljani Republike Slovenije - moški";205
"2018";"    Hrvaška";"Odseljeni v tujino";"Državljani Republike Slovenije - ženske";223
"2018";"    Italija";"Odseljeni v tujino";"Državljani Republike Slovenije - SKUPAJ";235
"2018";"    Italija";"Odseljeni v tujino";"Državljani Republike Slovenije - moški";106
"2018";"    Italija";"Odseljeni v tujino";"Državljani Republike Slovenije - ženske";129
"2018";"    Kosovo";"Odseljeni v tujino";"Državljani Republike Slovenije - SKUPAJ";27
"2018";"    Kosovo";"Odseljeni v tujino";"Državljani Republike Slovenije - moški";17
"2018";"    Kosovo";"Odseljeni v tujino";"Državljani Republike Slovenije - ženske";10
"2018";"    Nemèija";"Odseljeni v tujino";"Državljani Republike Slovenije - SKUPAJ";1291
"2018";"    Nemèija";"Odseljeni v tujino";"Državljani Republike Slovenije - moški";711
"2018";"    Nemèija";"Odseljeni v tujino";"Državljani Republike Slovenije - ženske";580
"2018";"    Severna Makedonija";"Odseljeni v tujino";"Državljani Republike Slovenije - SKUPAJ";33
"2018";"    Severna Makedonija";"Odseljeni v tujino";"Državljani Republike Slovenije - moški";20
"2018";"    Severna Makedonija";"Odseljeni v tujino";"Državljani Republike Slovenije - ženske";13
"2018";"    Srbija";"Odseljeni v tujino";"Državljani Republike Slovenije - SKUPAJ";160
"2018";"    Srbija";"Odseljeni v tujino";"Državljani Republike Slovenije - moški";83
"2018";"    Srbija";"Odseljeni v tujino";"Državljani Republike Slovenije - ženske";77
"2018";"    Švedska";"Odseljeni v tujino";"Državljani Republike Slovenije - SKUPAJ";77
"2018";"    Švedska";"Odseljeni v tujino";"Državljani Republike Slovenije - moški";38
"2018";"    Švedska";"Odseljeni v tujino";"Državljani Republike Slovenije - ženske";39
"2018";"    Švica";"Odseljeni v tujino";"Državljani Republike Slovenije - SKUPAJ";657
"2018";"    Švica";"Odseljeni v tujino";"Državljani Republike Slovenije - moški";373
"2018";"    Švica";"Odseljeni v tujino";"Državljani Republike Slovenije - ženske";284
"2018";"    Druge države Evrope";"Odseljeni v tujino";"Državljani Republike Slovenije - SKUPAJ";1154
"2018";"    Druge države Evrope";"Odseljeni v tujino";"Državljani Republike Slovenije - moški";539
"2018";"    Druge države Evrope";"Odseljeni v tujino";"Državljani Republike Slovenije - ženske";615
"2018";"  AFRIKA";"Odseljeni v tujino";"Državljani Republike Slovenije - SKUPAJ";18
"2018";"  AFRIKA";"Odseljeni v tujino";"Državljani Republike Slovenije - moški";9
"2018";"  AFRIKA";"Odseljeni v tujino";"Državljani Republike Slovenije - ženske";9
"2018";"  AZIJA";"Odseljeni v tujino";"Državljani Republike Slovenije - SKUPAJ";149
"2018";"  AZIJA";"Odseljeni v tujino";"Državljani Republike Slovenije - moški";80
"2018";"  AZIJA";"Odseljeni v tujino";"Državljani Republike Slovenije - ženske";69
"2018";"  JUŽNA AMERIKA";"Odseljeni v tujino";"Državljani Republike Slovenije - SKUPAJ";19
"2018";"  JUŽNA AMERIKA";"Odseljeni v tujino";"Državljani Republike Slovenije - moški";12
"2018";"  JUŽNA AMERIKA";"Odseljeni v tujino";"Državljani Republike Slovenije - ženske";7
"2018";"  SEVERNA IN SREDNJA AMERIKA";"Odseljeni v tujino";"Državljani Republike Slovenije - SKUPAJ";258
"2018";"  SEVERNA IN SREDNJA AMERIKA";"Odseljeni v tujino";"Državljani Republike Slovenije - moški";133
"2018";"  SEVERNA IN SREDNJA AMERIKA";"Odseljeni v tujino";"Državljani Republike Slovenije - ženske";125
"2018";"    Kanada";"Odseljeni v tujino";"Državljani Republike Slovenije - SKUPAJ";86
"2018";"    Kanada";"Odseljeni v tujino";"Državljani Republike Slovenije - moški";49
"2018";"    Kanada";"Odseljeni v tujino";"Državljani Republike Slovenije - ženske";37
"2018";"    Združene države";"Odseljeni v tujino";"Državljani Republike Slovenije - SKUPAJ";162
"2018";"    Združene države";"Odseljeni v tujino";"Državljani Republike Slovenije - moški";78
"2018";"    Združene države";"Odseljeni v tujino";"Državljani Republike Slovenije - ženske";84
"2018";"    Druge države Severne in Srednje Amerike";"Odseljeni v tujino";"Državljani Republike Slovenije - SKUPAJ";10
"2018";"    Druge države Severne in Srednje Amerike";"Odseljeni v tujino";"Državljani Republike Slovenije - moški";6
"2018";"    Druge države Severne in Srednje Amerike";"Odseljeni v tujino";"Državljani Republike Slovenije - ženske";4
"2018";"  AVSTRALIJA IN OCEANIJA";"Odseljeni v tujino";"Državljani Republike Slovenije - SKUPAJ";144
"2018";"  AVSTRALIJA IN OCEANIJA";"Odseljeni v tujino";"Državljani Republike Slovenije - moški";80
"2018";"  AVSTRALIJA IN OCEANIJA";"Odseljeni v tujino";"Državljani Republike Slovenije - ženske";64
"2018";"  Neznano";"Odseljeni v tujino";"Državljani Republike Slovenije - SKUPAJ";0
"2018";"  Neznano";"Odseljeni v tujino";"Državljani Republike Slovenije - moški";0
"2018";"  Neznano";"Odseljeni v tujino";"Državljani Republike Slovenije - ženske";0
"2019";"  EVROPA";"Odseljeni v tujino";"Državljani Republike Slovenije - SKUPAJ";6027
"2019";"  EVROPA";"Odseljeni v tujino";"Državljani Republike Slovenije - moški";3234
"2019";"  EVROPA";"Odseljeni v tujino";"Državljani Republike Slovenije - ženske";2793
"2019";"    Avstrija";"Odseljeni v tujino";"Državljani Republike Slovenije - SKUPAJ";1630
"2019";"    Avstrija";"Odseljeni v tujino";"Državljani Republike Slovenije - moški";915
"2019";"    Avstrija";"Odseljeni v tujino";"Državljani Republike Slovenije - ženske";715
"2019";"    Bosna in Hercegovina";"Odseljeni v tujino";"Državljani Republike Slovenije - SKUPAJ";180
"2019";"    Bosna in Hercegovina";"Odseljeni v tujino";"Državljani Republike Slovenije - moški";127
"2019";"    Bosna in Hercegovina";"Odseljeni v tujino";"Državljani Republike Slovenije - ženske";53
"2019";"    Èrna gora";"Odseljeni v tujino";"Državljani Republike Slovenije - SKUPAJ";10
"2019";"    Èrna gora";"Odseljeni v tujino";"Državljani Republike Slovenije - moški";4
"2019";"    Èrna gora";"Odseljeni v tujino";"Državljani Republike Slovenije - ženske";6
"2019";"    Francija";"Odseljeni v tujino";"Državljani Republike Slovenije - SKUPAJ";89
"2019";"    Francija";"Odseljeni v tujino";"Državljani Republike Slovenije - moški";37
"2019";"    Francija";"Odseljeni v tujino";"Državljani Republike Slovenije - ženske";52
"2019";"    Hrvaška";"Odseljeni v tujino";"Državljani Republike Slovenije - SKUPAJ";551
"2019";"    Hrvaška";"Odseljeni v tujino";"Državljani Republike Slovenije - moški";278
"2019";"    Hrvaška";"Odseljeni v tujino";"Državljani Republike Slovenije - ženske";273
"2019";"    Italija";"Odseljeni v tujino";"Državljani Republike Slovenije - SKUPAJ";321
"2019";"    Italija";"Odseljeni v tujino";"Državljani Republike Slovenije - moški";148
"2019";"    Italija";"Odseljeni v tujino";"Državljani Republike Slovenije - ženske";173
"2019";"    Kosovo";"Odseljeni v tujino";"Državljani Republike Slovenije - SKUPAJ";26
"2019";"    Kosovo";"Odseljeni v tujino";"Državljani Republike Slovenije - moški";20
"2019";"    Kosovo";"Odseljeni v tujino";"Državljani Republike Slovenije - ženske";6
"2019";"    Nemèija";"Odseljeni v tujino";"Državljani Republike Slovenije - SKUPAJ";1198
"2019";"    Nemèija";"Odseljeni v tujino";"Državljani Republike Slovenije - moški";644
"2019";"    Nemèija";"Odseljeni v tujino";"Državljani Republike Slovenije - ženske";554
"2019";"    Severna Makedonija";"Odseljeni v tujino";"Državljani Republike Slovenije - SKUPAJ";54
"2019";"    Severna Makedonija";"Odseljeni v tujino";"Državljani Republike Slovenije - moški";35
"2019";"    Severna Makedonija";"Odseljeni v tujino";"Državljani Republike Slovenije - ženske";19
"2019";"    Srbija";"Odseljeni v tujino";"Državljani Republike Slovenije - SKUPAJ";194
"2019";"    Srbija";"Odseljeni v tujino";"Državljani Republike Slovenije - moški";123
"2019";"    Srbija";"Odseljeni v tujino";"Državljani Republike Slovenije - ženske";71
"2019";"    Švedska";"Odseljeni v tujino";"Državljani Republike Slovenije - SKUPAJ";70
"2019";"    Švedska";"Odseljeni v tujino";"Državljani Republike Slovenije - moški";32
"2019";"    Švedska";"Odseljeni v tujino";"Državljani Republike Slovenije - ženske";38
"2019";"    Švica";"Odseljeni v tujino";"Državljani Republike Slovenije - SKUPAJ";594
"2019";"    Švica";"Odseljeni v tujino";"Državljani Republike Slovenije - moški";359
"2019";"    Švica";"Odseljeni v tujino";"Državljani Republike Slovenije - ženske";235
"2019";"    Druge države Evrope";"Odseljeni v tujino";"Državljani Republike Slovenije - SKUPAJ";1110
"2019";"    Druge države Evrope";"Odseljeni v tujino";"Državljani Republike Slovenije - moški";512
"2019";"    Druge države Evrope";"Odseljeni v tujino";"Državljani Republike Slovenije - ženske";598
"2019";"  AFRIKA";"Odseljeni v tujino";"Državljani Republike Slovenije - SKUPAJ";21
"2019";"  AFRIKA";"Odseljeni v tujino";"Državljani Republike Slovenije - moški";8
"2019";"  AFRIKA";"Odseljeni v tujino";"Državljani Republike Slovenije - ženske";13
"2019";"  AZIJA";"Odseljeni v tujino";"Državljani Republike Slovenije - SKUPAJ";150
"2019";"  AZIJA";"Odseljeni v tujino";"Državljani Republike Slovenije - moški";85
"2019";"  AZIJA";"Odseljeni v tujino";"Državljani Republike Slovenije - ženske";65
"2019";"  JUŽNA AMERIKA";"Odseljeni v tujino";"Državljani Republike Slovenije - SKUPAJ";26
"2019";"  JUŽNA AMERIKA";"Odseljeni v tujino";"Državljani Republike Slovenije - moški";16
"2019";"  JUŽNA AMERIKA";"Odseljeni v tujino";"Državljani Republike Slovenije - ženske";10
"2019";"  SEVERNA IN SREDNJA AMERIKA";"Odseljeni v tujino";"Državljani Republike Slovenije - SKUPAJ";226
"2019";"  SEVERNA IN SREDNJA AMERIKA";"Odseljeni v tujino";"Državljani Republike Slovenije - moški";120
"2019";"  SEVERNA IN SREDNJA AMERIKA";"Odseljeni v tujino";"Državljani Republike Slovenije - ženske";106
"2019";"    Kanada";"Odseljeni v tujino";"Državljani Republike Slovenije - SKUPAJ";61
"2019";"    Kanada";"Odseljeni v tujino";"Državljani Republike Slovenije - moški";31
"2019";"    Kanada";"Odseljeni v tujino";"Državljani Republike Slovenije - ženske";30
"2019";"    Združene države";"Odseljeni v tujino";"Državljani Republike Slovenije - SKUPAJ";154
"2019";"    Združene države";"Odseljeni v tujino";"Državljani Republike Slovenije - moški";82
"2019";"    Združene države";"Odseljeni v tujino";"Državljani Republike Slovenije - ženske";72
"2019";"    Druge države Severne in Srednje Amerike";"Odseljeni v tujino";"Državljani Republike Slovenije - SKUPAJ";11
"2019";"    Druge države Severne in Srednje Amerike";"Odseljeni v tujino";"Državljani Republike Slovenije - moški";7
"2019";"    Druge države Severne in Srednje Amerike";"Odseljeni v tujino";"Državljani Republike Slovenije - ženske";4
"2019";"  AVSTRALIJA IN OCEANIJA";"Odseljeni v tujino";"Državljani Republike Slovenije - SKUPAJ";148
"2019";"  AVSTRALIJA IN OCEANIJA";"Odseljeni v tujino";"Državljani Republike Slovenije - moški";69
"2019";"  AVSTRALIJA IN OCEANIJA";"Odseljeni v tujino";"Državljani Republike Slovenije - ženske";79
"2019";"  Neznano";"Odseljeni v tujino";"Državljani Republike Slovenije - SKUPAJ";0
"2019";"  Neznano";"Odseljeni v tujino";"Državljani Republike Slovenije - moški";0
"2019";"  Neznano";"Odseljeni v tujino";"Državljani Republike Slovenije - ženske";0
"2020";"  EVROPA";"Odseljeni v tujino";"Državljani Republike Slovenije - SKUPAJ";5350
"2020";"  EVROPA";"Odseljeni v tujino";"Državljani Republike Slovenije - moški";2737
"2020";"  EVROPA";"Odseljeni v tujino";"Državljani Republike Slovenije - ženske";2613
"2020";"    Avstrija";"Odseljeni v tujino";"Državljani Republike Slovenije - SKUPAJ";1375
"2020";"    Avstrija";"Odseljeni v tujino";"Državljani Republike Slovenije - moški";723
"2020";"    Avstrija";"Odseljeni v tujino";"Državljani Republike Slovenije - ženske";652
"2020";"    Bosna in Hercegovina";"Odseljeni v tujino";"Državljani Republike Slovenije - SKUPAJ";143
"2020";"    Bosna in Hercegovina";"Odseljeni v tujino";"Državljani Republike Slovenije - moški";82
"2020";"    Bosna in Hercegovina";"Odseljeni v tujino";"Državljani Republike Slovenije - ženske";61
"2020";"    Èrna gora";"Odseljeni v tujino";"Državljani Republike Slovenije - SKUPAJ";15
"2020";"    Èrna gora";"Odseljeni v tujino";"Državljani Republike Slovenije - moški";9
"2020";"    Èrna gora";"Odseljeni v tujino";"Državljani Republike Slovenije - ženske";6
"2020";"    Francija";"Odseljeni v tujino";"Državljani Republike Slovenije - SKUPAJ";87
"2020";"    Francija";"Odseljeni v tujino";"Državljani Republike Slovenije - moški";34
"2020";"    Francija";"Odseljeni v tujino";"Državljani Republike Slovenije - ženske";53
"2020";"    Hrvaška";"Odseljeni v tujino";"Državljani Republike Slovenije - SKUPAJ";594
"2020";"    Hrvaška";"Odseljeni v tujino";"Državljani Republike Slovenije - moški";295
"2020";"    Hrvaška";"Odseljeni v tujino";"Državljani Republike Slovenije - ženske";299
"2020";"    Italija";"Odseljeni v tujino";"Državljani Republike Slovenije - SKUPAJ";362
"2020";"    Italija";"Odseljeni v tujino";"Državljani Republike Slovenije - moški";151
"2020";"    Italija";"Odseljeni v tujino";"Državljani Republike Slovenije - ženske";211
"2020";"    Kosovo";"Odseljeni v tujino";"Državljani Republike Slovenije - SKUPAJ";25
"2020";"    Kosovo";"Odseljeni v tujino";"Državljani Republike Slovenije - moški";19
"2020";"    Kosovo";"Odseljeni v tujino";"Državljani Republike Slovenije - ženske";6
"2020";"    Nemèija";"Odseljeni v tujino";"Državljani Republike Slovenije - SKUPAJ";1078
"2020";"    Nemèija";"Odseljeni v tujino";"Državljani Republike Slovenije - moški";581
"2020";"    Nemèija";"Odseljeni v tujino";"Državljani Republike Slovenije - ženske";497
"2020";"    Severna Makedonija";"Odseljeni v tujino";"Državljani Republike Slovenije - SKUPAJ";46
"2020";"    Severna Makedonija";"Odseljeni v tujino";"Državljani Republike Slovenije - moški";24
"2020";"    Severna Makedonija";"Odseljeni v tujino";"Državljani Republike Slovenije - ženske";22
"2020";"    Srbija";"Odseljeni v tujino";"Državljani Republike Slovenije - SKUPAJ";121
"2020";"    Srbija";"Odseljeni v tujino";"Državljani Republike Slovenije - moški";67
"2020";"    Srbija";"Odseljeni v tujino";"Državljani Republike Slovenije - ženske";54
"2020";"    Švedska";"Odseljeni v tujino";"Državljani Republike Slovenije - SKUPAJ";73
"2020";"    Švedska";"Odseljeni v tujino";"Državljani Republike Slovenije - moški";38
"2020";"    Švedska";"Odseljeni v tujino";"Državljani Republike Slovenije - ženske";35
"2020";"    Švica";"Odseljeni v tujino";"Državljani Republike Slovenije - SKUPAJ";458
"2020";"    Švica";"Odseljeni v tujino";"Državljani Republike Slovenije - moški";266
"2020";"    Švica";"Odseljeni v tujino";"Državljani Republike Slovenije - ženske";192
"2020";"    Druge države Evrope";"Odseljeni v tujino";"Državljani Republike Slovenije - SKUPAJ";973
"2020";"    Druge države Evrope";"Odseljeni v tujino";"Državljani Republike Slovenije - moški";448
"2020";"    Druge države Evrope";"Odseljeni v tujino";"Državljani Republike Slovenije - ženske";525
"2020";"  AFRIKA";"Odseljeni v tujino";"Državljani Republike Slovenije - SKUPAJ";15
"2020";"  AFRIKA";"Odseljeni v tujino";"Državljani Republike Slovenije - moški";9
"2020";"  AFRIKA";"Odseljeni v tujino";"Državljani Republike Slovenije - ženske";6
"2020";"  AZIJA";"Odseljeni v tujino";"Državljani Republike Slovenije - SKUPAJ";115
"2020";"  AZIJA";"Odseljeni v tujino";"Državljani Republike Slovenije - moški";64
"2020";"  AZIJA";"Odseljeni v tujino";"Državljani Republike Slovenije - ženske";51
"2020";"  JUŽNA AMERIKA";"Odseljeni v tujino";"Državljani Republike Slovenije - SKUPAJ";20
"2020";"  JUŽNA AMERIKA";"Odseljeni v tujino";"Državljani Republike Slovenije - moški";13
"2020";"  JUŽNA AMERIKA";"Odseljeni v tujino";"Državljani Republike Slovenije - ženske";7
"2020";"  SEVERNA IN SREDNJA AMERIKA";"Odseljeni v tujino";"Državljani Republike Slovenije - SKUPAJ";212
"2020";"  SEVERNA IN SREDNJA AMERIKA";"Odseljeni v tujino";"Državljani Republike Slovenije - moški";114
"2020";"  SEVERNA IN SREDNJA AMERIKA";"Odseljeni v tujino";"Državljani Republike Slovenije - ženske";98
"2020";"    Kanada";"Odseljeni v tujino";"Državljani Republike Slovenije - SKUPAJ";60
"2020";"    Kanada";"Odseljeni v tujino";"Državljani Republike Slovenije - moški";33
"2020";"    Kanada";"Odseljeni v tujino";"Državljani Republike Slovenije - ženske";27
"2020";"    Združene države";"Odseljeni v tujino";"Državljani Republike Slovenije - SKUPAJ";141
"2020";"    Združene države";"Odseljeni v tujino";"Državljani Republike Slovenije - moški";72
"2020";"    Združene države";"Odseljeni v tujino";"Državljani Republike Slovenije - ženske";69
"2020";"    Druge države Severne in Srednje Amerike";"Odseljeni v tujino";"Državljani Republike Slovenije - SKUPAJ";11
"2020";"    Druge države Severne in Srednje Amerike";"Odseljeni v tujino";"Državljani Republike Slovenije - moški";9
"2020";"    Druge države Severne in Srednje Amerike";"Odseljeni v tujino";"Državljani Republike Slovenije - ženske";2
"2020";"  AVSTRALIJA IN OCEANIJA";"Odseljeni v tujino";"Državljani Republike Slovenije - SKUPAJ";99
"2020";"  AVSTRALIJA IN OCEANIJA";"Odseljeni v tujino";"Državljani Republike Slovenije - moški";49
"2020";"  AVSTRALIJA IN OCEANIJA";"Odseljeni v tujino";"Državljani Republike Slovenije - ženske";50
"2020";"  Neznano";"Odseljeni v tujino";"Državljani Republike Slovenije - SKUPAJ";0
"2020";"  Neznano";"Odseljeni v tujino";"Državljani Republike Slovenije - moški";0
"2020";"  Neznano";"Odseljeni v tujino";"Državljani Republike Slovenije - ženske";0
