"Povpreène meseène bruto plaèe (EUR) po statistiènih regijah prebivališèa, starostnih skupinah in spolu, Slovenija, letno"

"STATISTIÈNA REGIJA";"STAROST";"LETO";Povpreène meseène bruto plaèe (EUR)
"Pomurska";"15-64 let";"2010";1342
"Pomurska";"15-64 let";"2011";1396
"Pomurska";"15-64 let";"2012";1402
"Pomurska";"15-64 let";"2013";1389
"Pomurska";"15-64 let";"2014";1452
"Pomurska";"15-64 let";"2015";1457
"Pomurska";"15-64 let";"2016";1480
"Pomurska";"15-64 let";"2017";1517
"Pomurska";"15-64 let";"2018";1569
"Pomurska";"15-24 let";"2010";928
"Pomurska";"15-24 let";"2011";983
"Pomurska";"15-24 let";"2012";981
"Pomurska";"15-24 let";"2013";986
"Pomurska";"15-24 let";"2014";997
"Pomurska";"15-24 let";"2015";1022
"Pomurska";"15-24 let";"2016";1033
"Pomurska";"15-24 let";"2017";1078
"Pomurska";"15-24 let";"2018";1144
"Pomurska";"25-34 let";"2010";1198
"Pomurska";"25-34 let";"2011";1238
"Pomurska";"25-34 let";"2012";1249
"Pomurska";"25-34 let";"2013";1231
"Pomurska";"25-34 let";"2014";1251
"Pomurska";"25-34 let";"2015";1263
"Pomurska";"25-34 let";"2016";1287
"Pomurska";"25-34 let";"2017";1316
"Pomurska";"25-34 let";"2018";1371
"Pomurska";"35-44 let";"2010";1337
"Pomurska";"35-44 let";"2011";1396
"Pomurska";"35-44 let";"2012";1405
"Pomurska";"35-44 let";"2013";1391
"Pomurska";"35-44 let";"2014";1456
"Pomurska";"35-44 let";"2015";1465
"Pomurska";"35-44 let";"2016";1490
"Pomurska";"35-44 let";"2017";1536
"Pomurska";"35-44 let";"2018";1598
"Pomurska";"45-54 let";"2010";1432
"Pomurska";"45-54 let";"2011";1476
"Pomurska";"45-54 let";"2012";1467
"Pomurska";"45-54 let";"2013";1442
"Pomurska";"45-54 let";"2014";1527
"Pomurska";"45-54 let";"2015";1520
"Pomurska";"45-54 let";"2016";1522
"Pomurska";"45-54 let";"2017";1547
"Pomurska";"45-54 let";"2018";1596
"Pomurska";"55-64 let";"2010";1696
"Pomurska";"55-64 let";"2011";1704
"Pomurska";"55-64 let";"2012";1693
"Pomurska";"55-64 let";"2013";1647
"Pomurska";"55-64 let";"2014";1697
"Pomurska";"55-64 let";"2015";1674
"Pomurska";"55-64 let";"2016";1711
"Pomurska";"55-64 let";"2017";1732
"Pomurska";"55-64 let";"2018";1756
"Pomurska";"65 let ali veè";"2010";3218
"Pomurska";"65 let ali veè";"2011";3567
"Pomurska";"65 let ali veè";"2012";2888
"Pomurska";"65 let ali veè";"2013";3687
"Pomurska";"65 let ali veè";"2014";3483
"Pomurska";"65 let ali veè";"2015";3739
"Pomurska";"65 let ali veè";"2016";3410
"Pomurska";"65 let ali veè";"2017";3462
"Pomurska";"65 let ali veè";"2018";3540
"Podravska";"15-64 let";"2010";1446
"Podravska";"15-64 let";"2011";1490
"Podravska";"15-64 let";"2012";1512
"Podravska";"15-64 let";"2013";1513
"Podravska";"15-64 let";"2014";1545
"Podravska";"15-64 let";"2015";1553
"Podravska";"15-64 let";"2016";1583
"Podravska";"15-64 let";"2017";1631
"Podravska";"15-64 let";"2018";1686
"Podravska";"15-24 let";"2010";944
"Podravska";"15-24 let";"2011";984
"Podravska";"15-24 let";"2012";997
"Podravska";"15-24 let";"2013";1008
"Podravska";"15-24 let";"2014";1033
"Podravska";"15-24 let";"2015";1051
"Podravska";"15-24 let";"2016";1081
"Podravska";"15-24 let";"2017";1116
"Podravska";"15-24 let";"2018";1175
"Podravska";"25-34 let";"2010";1260
"Podravska";"25-34 let";"2011";1289
"Podravska";"25-34 let";"2012";1302
"Podravska";"25-34 let";"2013";1292
"Podravska";"25-34 let";"2014";1313
"Podravska";"25-34 let";"2015";1309
"Podravska";"25-34 let";"2016";1335
"Podravska";"25-34 let";"2017";1372
"Podravska";"25-34 let";"2018";1445
"Podravska";"35-44 let";"2010";1460
"Podravska";"35-44 let";"2011";1505
"Podravska";"35-44 let";"2012";1532
"Podravska";"35-44 let";"2013";1533
"Podravska";"35-44 let";"2014";1557
"Podravska";"35-44 let";"2015";1562
"Podravska";"35-44 let";"2016";1595
"Podravska";"35-44 let";"2017";1642
"Podravska";"35-44 let";"2018";1692
"Podravska";"45-54 let";"2010";1515
"Podravska";"45-54 let";"2011";1550
"Podravska";"45-54 let";"2012";1573
"Podravska";"45-54 let";"2013";1572
"Podravska";"45-54 let";"2014";1611
"Podravska";"45-54 let";"2015";1615
"Podravska";"45-54 let";"2016";1649
"Podravska";"45-54 let";"2017";1702
"Podravska";"45-54 let";"2018";1761
"Podravska";"55-64 let";"2010";1817
"Podravska";"55-64 let";"2011";1852
"Podravska";"55-64 let";"2012";1842
"Podravska";"55-64 let";"2013";1785
"Podravska";"55-64 let";"2014";1773
"Podravska";"55-64 let";"2015";1783
"Podravska";"55-64 let";"2016";1772
"Podravska";"55-64 let";"2017";1812
"Podravska";"55-64 let";"2018";1842
"Podravska";"65 let ali veè";"2010";4190
"Podravska";"65 let ali veè";"2011";4081
"Podravska";"65 let ali veè";"2012";3987
"Podravska";"65 let ali veè";"2013";3635
"Podravska";"65 let ali veè";"2014";3597
"Podravska";"65 let ali veè";"2015";3642
"Podravska";"65 let ali veè";"2016";3581
"Podravska";"65 let ali veè";"2017";3405
"Podravska";"65 let ali veè";"2018";3174
"Koroška";"15-64 let";"2010";1428
"Koroška";"15-64 let";"2011";1474
"Koroška";"15-64 let";"2012";1489
"Koroška";"15-64 let";"2013";1495
"Koroška";"15-64 let";"2014";1532
"Koroška";"15-64 let";"2015";1563
"Koroška";"15-64 let";"2016";1596
"Koroška";"15-64 let";"2017";1645
"Koroška";"15-64 let";"2018";1694
"Koroška";"15-24 let";"2010";986
"Koroška";"15-24 let";"2011";1051
"Koroška";"15-24 let";"2012";1059
"Koroška";"15-24 let";"2013";1058
"Koroška";"15-24 let";"2014";1095
"Koroška";"15-24 let";"2015";1151
"Koroška";"15-24 let";"2016";1169
"Koroška";"15-24 let";"2017";1214
"Koroška";"15-24 let";"2018";1230
"Koroška";"25-34 let";"2010";1227
"Koroška";"25-34 let";"2011";1264
"Koroška";"25-34 let";"2012";1276
"Koroška";"25-34 let";"2013";1277
"Koroška";"25-34 let";"2014";1306
"Koroška";"25-34 let";"2015";1343
"Koroška";"25-34 let";"2016";1372
"Koroška";"25-34 let";"2017";1415
"Koroška";"25-34 let";"2018";1477
"Koroška";"35-44 let";"2010";1439
"Koroška";"35-44 let";"2011";1490
"Koroška";"35-44 let";"2012";1487
"Koroška";"35-44 let";"2013";1495
"Koroška";"35-44 let";"2014";1521
"Koroška";"35-44 let";"2015";1546
"Koroška";"35-44 let";"2016";1578
"Koroška";"35-44 let";"2017";1634
"Koroška";"35-44 let";"2018";1692
"Koroška";"45-54 let";"2010";1524
"Koroška";"45-54 let";"2011";1554
"Koroška";"45-54 let";"2012";1579
"Koroška";"45-54 let";"2013";1569
"Koroška";"45-54 let";"2014";1610
"Koroška";"45-54 let";"2015";1630
"Koroška";"45-54 let";"2016";1666
"Koroška";"45-54 let";"2017";1712
"Koroška";"45-54 let";"2018";1766
"Koroška";"55-64 let";"2010";1813
"Koroška";"55-64 let";"2011";1829
"Koroška";"55-64 let";"2012";1857
"Koroška";"55-64 let";"2013";1832
"Koroška";"55-64 let";"2014";1815
"Koroška";"55-64 let";"2015";1843
"Koroška";"55-64 let";"2016";1858
"Koroška";"55-64 let";"2017";1881
"Koroška";"55-64 let";"2018";1901
"Koroška";"65 let ali veè";"2010";z
"Koroška";"65 let ali veè";"2011";3673
"Koroška";"65 let ali veè";"2012";3642
"Koroška";"65 let ali veè";"2013";3509
"Koroška";"65 let ali veè";"2014";3973
"Koroška";"65 let ali veè";"2015";5162
"Koroška";"65 let ali veè";"2016";4565
"Koroška";"65 let ali veè";"2017";3615
"Koroška";"65 let ali veè";"2018";3754
"Savinjska";"15-64 let";"2010";1423
"Savinjska";"15-64 let";"2011";1465
"Savinjska";"15-64 let";"2012";1488
"Savinjska";"15-64 let";"2013";1490
"Savinjska";"15-64 let";"2014";1531
"Savinjska";"15-64 let";"2015";1546
"Savinjska";"15-64 let";"2016";1572
"Savinjska";"15-64 let";"2017";1614
"Savinjska";"15-64 let";"2018";1664
"Savinjska";"15-24 let";"2010";963
"Savinjska";"15-24 let";"2011";1026
"Savinjska";"15-24 let";"2012";1066
"Savinjska";"15-24 let";"2013";1071
"Savinjska";"15-24 let";"2014";1099
"Savinjska";"15-24 let";"2015";1102
"Savinjska";"15-24 let";"2016";1098
"Savinjska";"15-24 let";"2017";1136
"Savinjska";"15-24 let";"2018";1208
"Savinjska";"25-34 let";"2010";1265
"Savinjska";"25-34 let";"2011";1297
"Savinjska";"25-34 let";"2012";1307
"Savinjska";"25-34 let";"2013";1301
"Savinjska";"25-34 let";"2014";1328
"Savinjska";"25-34 let";"2015";1337
"Savinjska";"25-34 let";"2016";1353
"Savinjska";"25-34 let";"2017";1387
"Savinjska";"25-34 let";"2018";1442
"Savinjska";"35-44 let";"2010";1431
"Savinjska";"35-44 let";"2011";1477
"Savinjska";"35-44 let";"2012";1506
"Savinjska";"35-44 let";"2013";1506
"Savinjska";"35-44 let";"2014";1552
"Savinjska";"35-44 let";"2015";1568
"Savinjska";"35-44 let";"2016";1595
"Savinjska";"35-44 let";"2017";1634
"Savinjska";"35-44 let";"2018";1689
"Savinjska";"45-54 let";"2010";1511
"Savinjska";"45-54 let";"2011";1536
"Savinjska";"45-54 let";"2012";1560
"Savinjska";"45-54 let";"2013";1556
"Savinjska";"45-54 let";"2014";1593
"Savinjska";"45-54 let";"2015";1597
"Savinjska";"45-54 let";"2016";1625
"Savinjska";"45-54 let";"2017";1678
"Savinjska";"45-54 let";"2018";1725
"Savinjska";"55-64 let";"2010";1802
"Savinjska";"55-64 let";"2011";1823
"Savinjska";"55-64 let";"2012";1821
"Savinjska";"55-64 let";"2013";1782
"Savinjska";"55-64 let";"2014";1776
"Savinjska";"55-64 let";"2015";1790
"Savinjska";"55-64 let";"2016";1796
"Savinjska";"55-64 let";"2017";1818
"Savinjska";"55-64 let";"2018";1852
"Savinjska";"65 let ali veè";"2010";3853
"Savinjska";"65 let ali veè";"2011";3838
"Savinjska";"65 let ali veè";"2012";3748
"Savinjska";"65 let ali veè";"2013";3893
"Savinjska";"65 let ali veè";"2014";3481
"Savinjska";"65 let ali veè";"2015";3301
"Savinjska";"65 let ali veè";"2016";3188
"Savinjska";"65 let ali veè";"2017";2831
"Savinjska";"65 let ali veè";"2018";3120
"Zasavska";"15-64 let";"2010";1440
"Zasavska";"15-64 let";"2011";1483
"Zasavska";"15-64 let";"2012";1489
"Zasavska";"15-64 let";"2013";1490
"Zasavska";"15-64 let";"2014";1518
"Zasavska";"15-64 let";"2015";1525
"Zasavska";"15-64 let";"2016";1559
"Zasavska";"15-64 let";"2017";1597
"Zasavska";"15-64 let";"2018";1653
"Zasavska";"15-24 let";"2010";967
"Zasavska";"15-24 let";"2011";1015
"Zasavska";"15-24 let";"2012";1014
"Zasavska";"15-24 let";"2013";1047
"Zasavska";"15-24 let";"2014";1026
"Zasavska";"15-24 let";"2015";1104
"Zasavska";"15-24 let";"2016";1090
"Zasavska";"15-24 let";"2017";1123
"Zasavska";"15-24 let";"2018";1193
"Zasavska";"25-34 let";"2010";1292
"Zasavska";"25-34 let";"2011";1300
"Zasavska";"25-34 let";"2012";1299
"Zasavska";"25-34 let";"2013";1304
"Zasavska";"25-34 let";"2014";1335
"Zasavska";"25-34 let";"2015";1337
"Zasavska";"25-34 let";"2016";1359
"Zasavska";"25-34 let";"2017";1393
"Zasavska";"25-34 let";"2018";1456
"Zasavska";"35-44 let";"2010";1470
"Zasavska";"35-44 let";"2011";1527
"Zasavska";"35-44 let";"2012";1539
"Zasavska";"35-44 let";"2013";1532
"Zasavska";"35-44 let";"2014";1561
"Zasavska";"35-44 let";"2015";1571
"Zasavska";"35-44 let";"2016";1598
"Zasavska";"35-44 let";"2017";1635
"Zasavska";"35-44 let";"2018";1704
"Zasavska";"45-54 let";"2010";1509
"Zasavska";"45-54 let";"2011";1539
"Zasavska";"45-54 let";"2012";1525
"Zasavska";"45-54 let";"2013";1509
"Zasavska";"45-54 let";"2014";1532
"Zasavska";"45-54 let";"2015";1555
"Zasavska";"45-54 let";"2016";1603
"Zasavska";"45-54 let";"2017";1651
"Zasavska";"45-54 let";"2018";1698
"Zasavska";"55-64 let";"2010";1755
"Zasavska";"55-64 let";"2011";1814
"Zasavska";"55-64 let";"2012";1867
"Zasavska";"55-64 let";"2013";1835
"Zasavska";"55-64 let";"2014";1784
"Zasavska";"55-64 let";"2015";1715
"Zasavska";"55-64 let";"2016";1739
"Zasavska";"55-64 let";"2017";1746
"Zasavska";"55-64 let";"2018";1791
"Zasavska";"65 let ali veè";"2010";z
"Zasavska";"65 let ali veè";"2011";z
"Zasavska";"65 let ali veè";"2012";z
"Zasavska";"65 let ali veè";"2013";z
"Zasavska";"65 let ali veè";"2014";z
"Zasavska";"65 let ali veè";"2015";3889
"Zasavska";"65 let ali veè";"2016";2742
"Zasavska";"65 let ali veè";"2017";2708
"Zasavska";"65 let ali veè";"2018";2948
"Posavska";"15-64 let";"2010";1416
"Posavska";"15-64 let";"2011";1478
"Posavska";"15-64 let";"2012";1498
"Posavska";"15-64 let";"2013";1496
"Posavska";"15-64 let";"2014";1540
"Posavska";"15-64 let";"2015";1549
"Posavska";"15-64 let";"2016";1590
"Posavska";"15-64 let";"2017";1626
"Posavska";"15-64 let";"2018";1687
"Posavska";"15-24 let";"2010";980
"Posavska";"15-24 let";"2011";1050
"Posavska";"15-24 let";"2012";1083
"Posavska";"15-24 let";"2013";1082
"Posavska";"15-24 let";"2014";1110
"Posavska";"15-24 let";"2015";1136
"Posavska";"15-24 let";"2016";1172
"Posavska";"15-24 let";"2017";1175
"Posavska";"15-24 let";"2018";1227
"Posavska";"25-34 let";"2010";1275
"Posavska";"25-34 let";"2011";1329
"Posavska";"25-34 let";"2012";1341
"Posavska";"25-34 let";"2013";1357
"Posavska";"25-34 let";"2014";1392
"Posavska";"25-34 let";"2015";1397
"Posavska";"25-34 let";"2016";1435
"Posavska";"25-34 let";"2017";1463
"Posavska";"25-34 let";"2018";1540
"Posavska";"35-44 let";"2010";1416
"Posavska";"35-44 let";"2011";1480
"Posavska";"35-44 let";"2012";1502
"Posavska";"35-44 let";"2013";1491
"Posavska";"35-44 let";"2014";1542
"Posavska";"35-44 let";"2015";1556
"Posavska";"35-44 let";"2016";1593
"Posavska";"35-44 let";"2017";1627
"Posavska";"35-44 let";"2018";1698
"Posavska";"45-54 let";"2010";1507
"Posavska";"45-54 let";"2011";1548
"Posavska";"45-54 let";"2012";1559
"Posavska";"45-54 let";"2013";1538
"Posavska";"45-54 let";"2014";1575
"Posavska";"45-54 let";"2015";1584
"Posavska";"45-54 let";"2016";1627
"Posavska";"45-54 let";"2017";1673
"Posavska";"45-54 let";"2018";1733
"Posavska";"55-64 let";"2010";1836
"Posavska";"55-64 let";"2011";1894
"Posavska";"55-64 let";"2012";1904
"Posavska";"55-64 let";"2013";1825
"Posavska";"55-64 let";"2014";1836
"Posavska";"55-64 let";"2015";1791
"Posavska";"55-64 let";"2016";1820
"Posavska";"55-64 let";"2017";1836
"Posavska";"55-64 let";"2018";1864
"Posavska";"65 let ali veè";"2010";4132
"Posavska";"65 let ali veè";"2011";3454
"Posavska";"65 let ali veè";"2012";3334
"Posavska";"65 let ali veè";"2013";4078
"Posavska";"65 let ali veè";"2014";3680
"Posavska";"65 let ali veè";"2015";4109
"Posavska";"65 let ali veè";"2016";3053
"Posavska";"65 let ali veè";"2017";3682
"Posavska";"65 let ali veè";"2018";3787
"Jugovzhodna Slovenija";"15-64 let";"2010";1484
"Jugovzhodna Slovenija";"15-64 let";"2011";1531
"Jugovzhodna Slovenija";"15-64 let";"2012";1562
"Jugovzhodna Slovenija";"15-64 let";"2013";1556
"Jugovzhodna Slovenija";"15-64 let";"2014";1614
"Jugovzhodna Slovenija";"15-64 let";"2015";1629
"Jugovzhodna Slovenija";"15-64 let";"2016";1661
"Jugovzhodna Slovenija";"15-64 let";"2017";1688
"Jugovzhodna Slovenija";"15-64 let";"2018";1749
"Jugovzhodna Slovenija";"15-24 let";"2010";1007
"Jugovzhodna Slovenija";"15-24 let";"2011";1054
"Jugovzhodna Slovenija";"15-24 let";"2012";1069
"Jugovzhodna Slovenija";"15-24 let";"2013";1095
"Jugovzhodna Slovenija";"15-24 let";"2014";1142
"Jugovzhodna Slovenija";"15-24 let";"2015";1158
"Jugovzhodna Slovenija";"15-24 let";"2016";1184
"Jugovzhodna Slovenija";"15-24 let";"2017";1183
"Jugovzhodna Slovenija";"15-24 let";"2018";1232
"Jugovzhodna Slovenija";"25-34 let";"2010";1312
"Jugovzhodna Slovenija";"25-34 let";"2011";1360
"Jugovzhodna Slovenija";"25-34 let";"2012";1373
"Jugovzhodna Slovenija";"25-34 let";"2013";1372
"Jugovzhodna Slovenija";"25-34 let";"2014";1420
"Jugovzhodna Slovenija";"25-34 let";"2015";1442
"Jugovzhodna Slovenija";"25-34 let";"2016";1454
"Jugovzhodna Slovenija";"25-34 let";"2017";1471
"Jugovzhodna Slovenija";"25-34 let";"2018";1528
"Jugovzhodna Slovenija";"35-44 let";"2010";1504
"Jugovzhodna Slovenija";"35-44 let";"2011";1541
"Jugovzhodna Slovenija";"35-44 let";"2012";1577
"Jugovzhodna Slovenija";"35-44 let";"2013";1575
"Jugovzhodna Slovenija";"35-44 let";"2014";1634
"Jugovzhodna Slovenija";"35-44 let";"2015";1645
"Jugovzhodna Slovenija";"35-44 let";"2016";1690
"Jugovzhodna Slovenija";"35-44 let";"2017";1722
"Jugovzhodna Slovenija";"35-44 let";"2018";1787
"Jugovzhodna Slovenija";"45-54 let";"2010";1581
"Jugovzhodna Slovenija";"45-54 let";"2011";1624
"Jugovzhodna Slovenija";"45-54 let";"2012";1659
"Jugovzhodna Slovenija";"45-54 let";"2013";1632
"Jugovzhodna Slovenija";"45-54 let";"2014";1682
"Jugovzhodna Slovenija";"45-54 let";"2015";1690
"Jugovzhodna Slovenija";"45-54 let";"2016";1715
"Jugovzhodna Slovenija";"45-54 let";"2017";1750
"Jugovzhodna Slovenija";"45-54 let";"2018";1819
"Jugovzhodna Slovenija";"55-64 let";"2010";1880
"Jugovzhodna Slovenija";"55-64 let";"2011";1892
"Jugovzhodna Slovenija";"55-64 let";"2012";1917
"Jugovzhodna Slovenija";"55-64 let";"2013";1852
"Jugovzhodna Slovenija";"55-64 let";"2014";1889
"Jugovzhodna Slovenija";"55-64 let";"2015";1894
"Jugovzhodna Slovenija";"55-64 let";"2016";1909
"Jugovzhodna Slovenija";"55-64 let";"2017";1900
"Jugovzhodna Slovenija";"55-64 let";"2018";1950
"Jugovzhodna Slovenija";"65 let ali veè";"2010";3254
"Jugovzhodna Slovenija";"65 let ali veè";"2011";3847
"Jugovzhodna Slovenija";"65 let ali veè";"2012";3802
"Jugovzhodna Slovenija";"65 let ali veè";"2013";4072
"Jugovzhodna Slovenija";"65 let ali veè";"2014";3471
"Jugovzhodna Slovenija";"65 let ali veè";"2015";3554
"Jugovzhodna Slovenija";"65 let ali veè";"2016";3081
"Jugovzhodna Slovenija";"65 let ali veè";"2017";3277
"Jugovzhodna Slovenija";"65 let ali veè";"2018";2669
"Osrednjeslovenska";"15-64 let";"2010";1733
"Osrednjeslovenska";"15-64 let";"2011";1773
"Osrednjeslovenska";"15-64 let";"2012";1791
"Osrednjeslovenska";"15-64 let";"2013";1786
"Osrednjeslovenska";"15-64 let";"2014";1818
"Osrednjeslovenska";"15-64 let";"2015";1843
"Osrednjeslovenska";"15-64 let";"2016";1871
"Osrednjeslovenska";"15-64 let";"2017";1901
"Osrednjeslovenska";"15-64 let";"2018";1961
"Osrednjeslovenska";"15-24 let";"2010";994
"Osrednjeslovenska";"15-24 let";"2011";1034
"Osrednjeslovenska";"15-24 let";"2012";1037
"Osrednjeslovenska";"15-24 let";"2013";1051
"Osrednjeslovenska";"15-24 let";"2014";1083
"Osrednjeslovenska";"15-24 let";"2015";1105
"Osrednjeslovenska";"15-24 let";"2016";1121
"Osrednjeslovenska";"15-24 let";"2017";1141
"Osrednjeslovenska";"15-24 let";"2018";1192
"Osrednjeslovenska";"25-34 let";"2010";1457
"Osrednjeslovenska";"25-34 let";"2011";1471
"Osrednjeslovenska";"25-34 let";"2012";1476
"Osrednjeslovenska";"25-34 let";"2013";1460
"Osrednjeslovenska";"25-34 let";"2014";1475
"Osrednjeslovenska";"25-34 let";"2015";1479
"Osrednjeslovenska";"25-34 let";"2016";1487
"Osrednjeslovenska";"25-34 let";"2017";1518
"Osrednjeslovenska";"25-34 let";"2018";1585
"Osrednjeslovenska";"35-44 let";"2010";1808
"Osrednjeslovenska";"35-44 let";"2011";1845
"Osrednjeslovenska";"35-44 let";"2012";1876
"Osrednjeslovenska";"35-44 let";"2013";1865
"Osrednjeslovenska";"35-44 let";"2014";1888
"Osrednjeslovenska";"35-44 let";"2015";1914
"Osrednjeslovenska";"35-44 let";"2016";1929
"Osrednjeslovenska";"35-44 let";"2017";1945
"Osrednjeslovenska";"35-44 let";"2018";1996
"Osrednjeslovenska";"45-54 let";"2010";1804
"Osrednjeslovenska";"45-54 let";"2011";1849
"Osrednjeslovenska";"45-54 let";"2012";1868
"Osrednjeslovenska";"45-54 let";"2013";1863
"Osrednjeslovenska";"45-54 let";"2014";1900
"Osrednjeslovenska";"45-54 let";"2015";1934
"Osrednjeslovenska";"45-54 let";"2016";1984
"Osrednjeslovenska";"45-54 let";"2017";2027
"Osrednjeslovenska";"45-54 let";"2018";2106
"Osrednjeslovenska";"55-64 let";"2010";2175
"Osrednjeslovenska";"55-64 let";"2011";2181
"Osrednjeslovenska";"55-64 let";"2012";2175
"Osrednjeslovenska";"55-64 let";"2013";2100
"Osrednjeslovenska";"55-64 let";"2014";2085
"Osrednjeslovenska";"55-64 let";"2015";2078
"Osrednjeslovenska";"55-64 let";"2016";2093
"Osrednjeslovenska";"55-64 let";"2017";2108
"Osrednjeslovenska";"55-64 let";"2018";2152
"Osrednjeslovenska";"65 let ali veè";"2010";4167
"Osrednjeslovenska";"65 let ali veè";"2011";3995
"Osrednjeslovenska";"65 let ali veè";"2012";3995
"Osrednjeslovenska";"65 let ali veè";"2013";3825
"Osrednjeslovenska";"65 let ali veè";"2014";3609
"Osrednjeslovenska";"65 let ali veè";"2015";3589
"Osrednjeslovenska";"65 let ali veè";"2016";3585
"Osrednjeslovenska";"65 let ali veè";"2017";3392
"Osrednjeslovenska";"65 let ali veè";"2018";3198
"Gorenjska";"15-64 let";"2010";1534
"Gorenjska";"15-64 let";"2011";1575
"Gorenjska";"15-64 let";"2012";1599
"Gorenjska";"15-64 let";"2013";1596
"Gorenjska";"15-64 let";"2014";1636
"Gorenjska";"15-64 let";"2015";1655
"Gorenjska";"15-64 let";"2016";1700
"Gorenjska";"15-64 let";"2017";1736
"Gorenjska";"15-64 let";"2018";1799
"Gorenjska";"15-24 let";"2010";987
"Gorenjska";"15-24 let";"2011";1038
"Gorenjska";"15-24 let";"2012";1047
"Gorenjska";"15-24 let";"2013";1059
"Gorenjska";"15-24 let";"2014";1105
"Gorenjska";"15-24 let";"2015";1118
"Gorenjska";"15-24 let";"2016";1147
"Gorenjska";"15-24 let";"2017";1180
"Gorenjska";"15-24 let";"2018";1228
"Gorenjska";"25-34 let";"2010";1347
"Gorenjska";"25-34 let";"2011";1372
"Gorenjska";"25-34 let";"2012";1386
"Gorenjska";"25-34 let";"2013";1371
"Gorenjska";"25-34 let";"2014";1390
"Gorenjska";"25-34 let";"2015";1394
"Gorenjska";"25-34 let";"2016";1411
"Gorenjska";"25-34 let";"2017";1453
"Gorenjska";"25-34 let";"2018";1525
"Gorenjska";"35-44 let";"2010";1602
"Gorenjska";"35-44 let";"2011";1637
"Gorenjska";"35-44 let";"2012";1669
"Gorenjska";"35-44 let";"2013";1659
"Gorenjska";"35-44 let";"2014";1694
"Gorenjska";"35-44 let";"2015";1707
"Gorenjska";"35-44 let";"2016";1750
"Gorenjska";"35-44 let";"2017";1773
"Gorenjska";"35-44 let";"2018";1837
"Gorenjska";"45-54 let";"2010";1595
"Gorenjska";"45-54 let";"2011";1637
"Gorenjska";"45-54 let";"2012";1650
"Gorenjska";"45-54 let";"2013";1647
"Gorenjska";"45-54 let";"2014";1697
"Gorenjska";"45-54 let";"2015";1722
"Gorenjska";"45-54 let";"2016";1783
"Gorenjska";"45-54 let";"2017";1833
"Gorenjska";"45-54 let";"2018";1907
"Gorenjska";"55-64 let";"2010";1870
"Gorenjska";"55-64 let";"2011";1893
"Gorenjska";"55-64 let";"2012";1919
"Gorenjska";"55-64 let";"2013";1861
"Gorenjska";"55-64 let";"2014";1852
"Gorenjska";"55-64 let";"2015";1861
"Gorenjska";"55-64 let";"2016";1893
"Gorenjska";"55-64 let";"2017";1901
"Gorenjska";"55-64 let";"2018";1936
"Gorenjska";"65 let ali veè";"2010";3941
"Gorenjska";"65 let ali veè";"2011";3804
"Gorenjska";"65 let ali veè";"2012";4393
"Gorenjska";"65 let ali veè";"2013";3564
"Gorenjska";"65 let ali veè";"2014";3181
"Gorenjska";"65 let ali veè";"2015";3361
"Gorenjska";"65 let ali veè";"2016";3605
"Gorenjska";"65 let ali veè";"2017";3557
"Gorenjska";"65 let ali veè";"2018";2929
"Primorsko-notranjska";"15-64 let";"2010";1396
"Primorsko-notranjska";"15-64 let";"2011";1447
"Primorsko-notranjska";"15-64 let";"2012";1473
"Primorsko-notranjska";"15-64 let";"2013";1473
"Primorsko-notranjska";"15-64 let";"2014";1512
"Primorsko-notranjska";"15-64 let";"2015";1532
"Primorsko-notranjska";"15-64 let";"2016";1568
"Primorsko-notranjska";"15-64 let";"2017";1609
"Primorsko-notranjska";"15-64 let";"2018";1663
"Primorsko-notranjska";"15-24 let";"2010";947
"Primorsko-notranjska";"15-24 let";"2011";994
"Primorsko-notranjska";"15-24 let";"2012";1037
"Primorsko-notranjska";"15-24 let";"2013";1019
"Primorsko-notranjska";"15-24 let";"2014";1032
"Primorsko-notranjska";"15-24 let";"2015";1033
"Primorsko-notranjska";"15-24 let";"2016";1073
"Primorsko-notranjska";"15-24 let";"2017";1116
"Primorsko-notranjska";"15-24 let";"2018";1196
"Primorsko-notranjska";"25-34 let";"2010";1262
"Primorsko-notranjska";"25-34 let";"2011";1298
"Primorsko-notranjska";"25-34 let";"2012";1304
"Primorsko-notranjska";"25-34 let";"2013";1304
"Primorsko-notranjska";"25-34 let";"2014";1324
"Primorsko-notranjska";"25-34 let";"2015";1338
"Primorsko-notranjska";"25-34 let";"2016";1357
"Primorsko-notranjska";"25-34 let";"2017";1396
"Primorsko-notranjska";"25-34 let";"2018";1452
"Primorsko-notranjska";"35-44 let";"2010";1418
"Primorsko-notranjska";"35-44 let";"2011";1461
"Primorsko-notranjska";"35-44 let";"2012";1502
"Primorsko-notranjska";"35-44 let";"2013";1502
"Primorsko-notranjska";"35-44 let";"2014";1539
"Primorsko-notranjska";"35-44 let";"2015";1574
"Primorsko-notranjska";"35-44 let";"2016";1605
"Primorsko-notranjska";"35-44 let";"2017";1645
"Primorsko-notranjska";"35-44 let";"2018";1710
"Primorsko-notranjska";"45-54 let";"2010";1464
"Primorsko-notranjska";"45-54 let";"2011";1513
"Primorsko-notranjska";"45-54 let";"2012";1539
"Primorsko-notranjska";"45-54 let";"2013";1525
"Primorsko-notranjska";"45-54 let";"2014";1560
"Primorsko-notranjska";"45-54 let";"2015";1577
"Primorsko-notranjska";"45-54 let";"2016";1622
"Primorsko-notranjska";"45-54 let";"2017";1663
"Primorsko-notranjska";"45-54 let";"2018";1718
"Primorsko-notranjska";"55-64 let";"2010";1682
"Primorsko-notranjska";"55-64 let";"2011";1757
"Primorsko-notranjska";"55-64 let";"2012";1760
"Primorsko-notranjska";"55-64 let";"2013";1719
"Primorsko-notranjska";"55-64 let";"2014";1750
"Primorsko-notranjska";"55-64 let";"2015";1742
"Primorsko-notranjska";"55-64 let";"2016";1761
"Primorsko-notranjska";"55-64 let";"2017";1788
"Primorsko-notranjska";"55-64 let";"2018";1806
"Primorsko-notranjska";"65 let ali veè";"2010";3543
"Primorsko-notranjska";"65 let ali veè";"2011";3152
"Primorsko-notranjska";"65 let ali veè";"2012";3686
"Primorsko-notranjska";"65 let ali veè";"2013";4100
"Primorsko-notranjska";"65 let ali veè";"2014";3203
"Primorsko-notranjska";"65 let ali veè";"2015";3465
"Primorsko-notranjska";"65 let ali veè";"2016";3563
"Primorsko-notranjska";"65 let ali veè";"2017";3442
"Primorsko-notranjska";"65 let ali veè";"2018";3522
"Goriška";"15-64 let";"2010";1505
"Goriška";"15-64 let";"2011";1541
"Goriška";"15-64 let";"2012";1544
"Goriška";"15-64 let";"2013";1526
"Goriška";"15-64 let";"2014";1567
"Goriška";"15-64 let";"2015";1569
"Goriška";"15-64 let";"2016";1618
"Goriška";"15-64 let";"2017";1645
"Goriška";"15-64 let";"2018";1691
"Goriška";"15-24 let";"2010";938
"Goriška";"15-24 let";"2011";991
"Goriška";"15-24 let";"2012";1010
"Goriška";"15-24 let";"2013";1001
"Goriška";"15-24 let";"2014";1021
"Goriška";"15-24 let";"2015";1049
"Goriška";"15-24 let";"2016";1074
"Goriška";"15-24 let";"2017";1126
"Goriška";"15-24 let";"2018";1159
"Goriška";"25-34 let";"2010";1287
"Goriška";"25-34 let";"2011";1304
"Goriška";"25-34 let";"2012";1305
"Goriška";"25-34 let";"2013";1304
"Goriška";"25-34 let";"2014";1316
"Goriška";"25-34 let";"2015";1319
"Goriška";"25-34 let";"2016";1351
"Goriška";"25-34 let";"2017";1382
"Goriška";"25-34 let";"2018";1432
"Goriška";"35-44 let";"2010";1526
"Goriška";"35-44 let";"2011";1551
"Goriška";"35-44 let";"2012";1549
"Goriška";"35-44 let";"2013";1528
"Goriška";"35-44 let";"2014";1578
"Goriška";"35-44 let";"2015";1571
"Goriška";"35-44 let";"2016";1620
"Goriška";"35-44 let";"2017";1642
"Goriška";"35-44 let";"2018";1691
"Goriška";"45-54 let";"2010";1588
"Goriška";"45-54 let";"2011";1622
"Goriška";"45-54 let";"2012";1611
"Goriška";"45-54 let";"2013";1580
"Goriška";"45-54 let";"2014";1613
"Goriška";"45-54 let";"2015";1613
"Goriška";"45-54 let";"2016";1674
"Goriška";"45-54 let";"2017";1709
"Goriška";"45-54 let";"2018";1762
"Goriška";"55-64 let";"2010";1931
"Goriška";"55-64 let";"2011";1954
"Goriška";"55-64 let";"2012";1956
"Goriška";"55-64 let";"2013";1862
"Goriška";"55-64 let";"2014";1871
"Goriška";"55-64 let";"2015";1855
"Goriška";"55-64 let";"2016";1876
"Goriška";"55-64 let";"2017";1868
"Goriška";"55-64 let";"2018";1901
"Goriška";"65 let ali veè";"2010";4148
"Goriška";"65 let ali veè";"2011";3963
"Goriška";"65 let ali veè";"2012";3925
"Goriška";"65 let ali veè";"2013";3474
"Goriška";"65 let ali veè";"2014";3177
"Goriška";"65 let ali veè";"2015";3031
"Goriška";"65 let ali veè";"2016";2772
"Goriška";"65 let ali veè";"2017";2974
"Goriška";"65 let ali veè";"2018";3124
"Obalno-kraška";"15-64 let";"2010";1559
"Obalno-kraška";"15-64 let";"2011";1606
"Obalno-kraška";"15-64 let";"2012";1622
"Obalno-kraška";"15-64 let";"2013";1618
"Obalno-kraška";"15-64 let";"2014";1663
"Obalno-kraška";"15-64 let";"2015";1676
"Obalno-kraška";"15-64 let";"2016";1714
"Obalno-kraška";"15-64 let";"2017";1739
"Obalno-kraška";"15-64 let";"2018";1777
"Obalno-kraška";"15-24 let";"2010";939
"Obalno-kraška";"15-24 let";"2011";1006
"Obalno-kraška";"15-24 let";"2012";1016
"Obalno-kraška";"15-24 let";"2013";1021
"Obalno-kraška";"15-24 let";"2014";1060
"Obalno-kraška";"15-24 let";"2015";1074
"Obalno-kraška";"15-24 let";"2016";1059
"Obalno-kraška";"15-24 let";"2017";1132
"Obalno-kraška";"15-24 let";"2018";1168
"Obalno-kraška";"25-34 let";"2010";1311
"Obalno-kraška";"25-34 let";"2011";1345
"Obalno-kraška";"25-34 let";"2012";1355
"Obalno-kraška";"25-34 let";"2013";1329
"Obalno-kraška";"25-34 let";"2014";1346
"Obalno-kraška";"25-34 let";"2015";1343
"Obalno-kraška";"25-34 let";"2016";1367
"Obalno-kraška";"25-34 let";"2017";1408
"Obalno-kraška";"25-34 let";"2018";1442
"Obalno-kraška";"35-44 let";"2010";1604
"Obalno-kraška";"35-44 let";"2011";1650
"Obalno-kraška";"35-44 let";"2012";1665
"Obalno-kraška";"35-44 let";"2013";1652
"Obalno-kraška";"35-44 let";"2014";1695
"Obalno-kraška";"35-44 let";"2015";1705
"Obalno-kraška";"35-44 let";"2016";1726
"Obalno-kraška";"35-44 let";"2017";1741
"Obalno-kraška";"35-44 let";"2018";1761
"Obalno-kraška";"45-54 let";"2010";1652
"Obalno-kraška";"45-54 let";"2011";1695
"Obalno-kraška";"45-54 let";"2012";1698
"Obalno-kraška";"45-54 let";"2013";1710
"Obalno-kraška";"45-54 let";"2014";1747
"Obalno-kraška";"45-54 let";"2015";1757
"Obalno-kraška";"45-54 let";"2016";1821
"Obalno-kraška";"45-54 let";"2017";1847
"Obalno-kraška";"45-54 let";"2018";1923
"Obalno-kraška";"55-64 let";"2010";1893
"Obalno-kraška";"55-64 let";"2011";1906
"Obalno-kraška";"55-64 let";"2012";1931
"Obalno-kraška";"55-64 let";"2013";1870
"Obalno-kraška";"55-64 let";"2014";1900
"Obalno-kraška";"55-64 let";"2015";1915
"Obalno-kraška";"55-64 let";"2016";1927
"Obalno-kraška";"55-64 let";"2017";1930
"Obalno-kraška";"55-64 let";"2018";1948
"Obalno-kraška";"65 let ali veè";"2010";3413
"Obalno-kraška";"65 let ali veè";"2011";3790
"Obalno-kraška";"65 let ali veè";"2012";3508
"Obalno-kraška";"65 let ali veè";"2013";3614
"Obalno-kraška";"65 let ali veè";"2014";3563
"Obalno-kraška";"65 let ali veè";"2015";3451
"Obalno-kraška";"65 let ali veè";"2016";3071
"Obalno-kraška";"65 let ali veè";"2017";3021
"Obalno-kraška";"65 let ali veè";"2018";2910
